,Shift,WROM_Al2O3,SO_Al2O3,SL_Al2O3,SL_PulpDen,SL_60,SL_100,SL_300,CFO_Al2O3,CFO_10,Date
1,A,4.843573923166472,2.07,10.57,1.2,2.4,2.9,10.2,5.62,35.1,2023-04-01
2,B,4.8920912361020275,2.25,10.96,1.27,2.7,3.2,10.899999999999999,5.12,29.5,2023-04-01
3,C,3.738632854258226,1.67,12.0,1.33,2.9,3.7,10.5,5.09,22.8,2023-04-01
4,A,3.4425152319950008,2.55,10.54,1.35,1.8,2.4,9.0,4.26,24.1,2023-04-02
7,A,3.512797510069571,2.36,8.4,1.22,2.7,3.3,9.0,4.85,30.2,2023-04-03
31,A,4.692794195717571,2.09,9.37,1.35,3.0,3.8,10.899999999999999,5.96,25.2,2023-04-11
34,A,4.421461289014998,2.79,9.43,1.23,1.7000000000000002,2.7,10.8,5.16,15.5,2023-04-12
37,A,5.33923568575233,3.24,9.82,1.34,2.4000000000000004,2.4,9.4,5.8,28.2,2023-04-13
40,A,5.439982823235478,2.66,10.81,1.24,2.0,3,11.0,4.6,27.0,2023-04-14
43,A,4.415095649229727,2.63,10.1,1.23,2.3,3.1,10.6,5.06,22.6,2023-04-15
46,A,4.263295314771329,3.07,9.53,1.39,2.4,2.4,11.0,4.08,24.7,2023-04-16
49,A,3.6859053763440857,1.68,9.24,1.28,2.2,2.9,9.5,3.63,20.7,2023-04-17
52,A,4.485041660116334,3.08,3.08,1.3,3.0,3.1,10.8,6.02,24.1,2023-04-18
55,A,4.153809186444681,1.81,9.84,1.41,2.4,3.6,11.3,4.74,24.3,2023-04-19
58,A,4.092538984406237,1.7,9.54,1.29,2.1,3.1,9.8,4.42,17.3,2023-04-20
61,A,4.2254468362687545,2.19,9.48,1.32,2.7,3.5,13.6,4.61,21.0,2023-04-21
64,A,5.183202069560218,2.92,10.62,1.38,2.3,3.3,10.1,5.13,22.2,2023-04-22
67,A,5.140602194133079,3.44,9.94,1.38,2.5999999999999996,2.8,10.4,4.38,26.5,2023-04-23
70,A,3.6994605755581365,1.7,8.11,1.32,3.4,4.2,11.6,4.28,34.0,2023-04-24
73,A,3.930811258278146,3.71,7.87,1.21,2.5,3,11.600000000000001,4.18,28.0,2023-04-25
76,A,3.79086773255814,2.69,8.74,1.43,2.2,2.9,10.7,3.54,23.9,2023-04-26
79,A,4.452424046541694,1.97,8.77,1.43,3.8,3.6,11.2,5.4,28.0,2023-04-27
82,A,3.38661320010518,2.73,6.56,1.34,3.4,2.8,11.5,3.34,26.0,2023-04-28
85,A,4.966688596491228,3.04,10.1,1.46,2.5,2.9,11.8,5.13,25.3,2023-04-29
88,A,6.063415753250063,5.14,10.44,1.49,2.5,3,10.8,5.62,23.599999999999998,2023-04-30
91,A,5.3576505280482785,2.67,10.39,1.4,2.5999999999999996,2.6,11.2,6.37,24.599999999999998,2023-05-01
94,A,4.927063867534003,3.16,9.32,1.42,2.5,3.3,13.4,4.81,19.8,2023-05-02
97,A,3.6803277535518357,2.63,7.91,1.3,3.0,3.6,11.5,3.45,22.6,2023-05-03
100,A,5.2975556348923005,4.61,9.16,1.45,2.2,3.6,10.2,4.68,23.4,2023-05-04
106,A,4.040394842868654,2.85,7.97,1.46,3.3,3.3,10.3,3.97,19.0,2023-05-06
109,C,3.830262362637362,2.07,9.78,1.49,2.7,3.4,11.1,3.33,26.5,2023-05-07
112,C,4.439842261439949,3.23,9.58,1.34,2.8,2.9,9.1,4.46,37.7,2023-05-08
115,C,4.266874308883155,1.81,9.23,1.41,3.3,3,12.1,4.51,23.5,2023-05-09
118,C,5.510645704660305,1.6,9.38,1.45,3.1,2.8,9.600000000000001,5.45,27.3,2023-05-10
121,C,4.47608977398451,3.2,9.46,1.37,2.5999999999999996,2.3,11.8,4.93,23.5,2023-05-11
124,B,4.785507246376811,3.46,9.78,1.43,3.8000000000000003,3.2,8.9,5.92,20.4,2023-05-12
127,B,4.0054023536895675,3.14,9.47,1.39,2.7,2.8,10.3,5.04,19.5,2023-05-13
130,B,4.5032074844995575,2.64,10.04,1.34,3.2,2.7,9.0,5.51,23.5,2023-05-14
133,B,3.726841944359523,1.42,8.33,1.39,2.1,3,10.6,4.43,25.400000000000002,2023-05-15
136,B,3.771035577449371,2.44,8.92,1.32,2.7,2.7,10.399999999999999,3.65,24.6,2023-05-16
139,A,3.8477971941914837,3.09,8.51,1.37,2.8,3.2,10.8,4.76,27.3,2023-05-17
142,A,5.259424938318466,4.46,9.31,1.56,2.8,2.9,11.2,4.68,19.6,2023-05-18
148,A,3.871021686746988,3.03,9.65,1.32,2.1,2.6,8.5,3.52,40.5,2023-05-20
151,A,4.125716058960435,3.16,9.07,1.47,3.3,3.1,12.1,4.73,21.700000000000003,2023-05-21
154,A,3.5352411417322833,2.66,5.51,1.42,2.4,2.6,9.899999999999999,3.94,17.5,2023-05-22
157,A,3.3556535908267953,2.22,6.77,1.28,2.7,3.4,10.4,4.06,18.0,2023-05-23
160,A,5.414128040663199,4.38,8.68,1.29,2.7,3.1,10.6,5.66,17.9,2023-05-24
163,A,6.320029543843063,3.92,8.89,1.4,1.9,1.9,5.9,8.16,17.2,2023-05-25
166,C,3.407761362213597,2.07,6.86,1.35,2.2,2.2,10.2,4.55,28.799999999999997,2023-05-26
169,A,3.6695185593531785,1.68,7.63,1.27,1.7000000000000002,2.8,8.3,4.01,26.2,2023-05-27
172,A,5.996075085324232,3.83,7.79,1.22,2.3,2.2,8.2,8.09,26.0,2023-05-28
175,A,4.754807813484561,3.72,8.21,1.36,1.8,2,9.0,5.38,19.1,2023-05-29
178,A,6.32742385786802,4.01,10.09,1.42,1.9,2.9,8.6,6.7,22.6,2023-05-30
181,A,5.12030944075616,3.12,10.68,1.28,2.2,2.9,9.5,6.52,19.2,2023-05-31
184,A,6.614838396448883,4.36,9.83,1.3,2.5,2.9,10.3,8.15,19.4,2023-06-01
187,A,6.002895768025078,2.62,11.52,1.33,2.4,2.9,9.399999999999999,8.59,20.9,2023-06-02
190,A,4.888357311965033,3.17,8.97,1.3,3.1,3.9,11.7,6.52,39.7,2023-06-03
196,A,2.683973764409699,1.86,4.93,1.37,3.5,4.2,10.5,2.92,30.5,2023-06-05
199,A,3.0047928854197563,1.5289243027888446,8.250046224961478,1.32,4.5,4.6,11.5,3.5282868525896416,30.7,2023-06-06
202,A,3.3093682262754425,2.31,7.01,1.51,3.6999999999999997,4.2,11.8,2.17,29.1,2023-06-07
208,A,3.6960492125984254,2.48,7.89,1.32,3.6999999999999997,4.5,11.6,4.15,31.7,2023-06-09
211,A,4.007035938797297,1.53,8.11,1.37,3.6999999999999997,4.1,11.8,5.32,27.2,2023-06-10
214,A,4.890223690899847,2.47,9.66,1.25,2.4,3.2,9.1,5.02,14.4,2023-06-11
217,A,4.039089952041174,2.6,8.58,1.31,2.3,2.6,11.6,4.22,11.1,2023-06-12
220,A,5.314893970893971,2.98,10.15,1.23,1.8,2.7,10.5,6.3,23.2,2023-06-13
223,A,4.6089143612917445,3.11,7.71,1.48,2.9,3.7,11.8,4.56,15.8,2023-06-14
226,A,4.981866265699628,2.52,8.0,1.44,2.4,3.2,10.0,6.93,18.3,2023-06-15
229,A,5.159809885931559,3.48,9.81,1.29,2.1,3,10.8,4.68,21.1,2023-06-16
232,A,4.358685169940021,2.84,7.77,1.35,2.9000000000000004,3.8,11.3,4.18,23.2,2023-06-17
235,A,5.901502782931354,2.82,9.48,1.2,2.5999999999999996,3.2,11.2,7.82,30.8,2023-06-18
238,A,3.92689381933439,2.17,8.68,1.39,2.3000000000000003,0.9,2.0,4.53,14.4,2023-06-19
241,A,4.098010084860411,2.41,9.53,1.28,2.8000000000000003,3,9.899999999999999,4.5,15.7,2023-06-20
244,A,5.140216872264226,3.27,8.95,1.29,1.7000000000000002,2.8,9.6,5.25,29.4,2023-06-21
247,A,4.430154111228104,2.24,8.36,1.31,2.3,2.9,10.4,4.08,12.2,2023-06-22
250,A,3.9957051974552877,3.1,7.98,1.3,2.8,2.8,10.2,3.93,26.1,2023-06-23
253,A,4.837338576212249,3.218418972332016,8.134658385093168,1.29,1.7000000000000002,2.9,10.100000000000001,4.785093167701863,25.6,2023-06-24
256,A,5.3166500349266546,2.27,9.41,1.45,2.5,3.6,11.8,7.2,30.4,2023-06-25
259,A,4.24143848194246,2.68,6.38,1.29,3.0,4.2,9.6,3.69,15.8,2023-06-26
265,A,5.313653615181359,3.11,7.96,1.25,3.5,4.9,9.899999999999999,4.58,12.7,2023-06-28
268,A,4.367690884420871,3.4,8.51,1.32,2.6,2.9,11.3,4.24,18.8,2023-06-29
271,A,4.248125348967058,2.61,9.15,1.49,2.8,3.2,12.2,4.48,23.700000000000003,2023-06-30
274,A,4.453924065152557,3.57,6.53,1.32,2.4,2.9,11.5,4.51,22.599999999999998,2023-07-01
277,A,4.98957512045554,3.57,8.21,1.39,2.8,2.2,11.2,5.43,25.099999999999998,2023-07-02
280,A,5.268308029689608,3.57,8.25,1.35,2.6,3.2,11.2,6.11,7.6,2023-07-03
283,A,3.585789363484087,2.97,7.2,1.31,2.5999999999999996,2.9,11.600000000000001,3.51,16.8,2023-07-04
286,A,4.102758354472262,3.27,9.53,1.32,2.0,3.2,11.100000000000001,3.77,9.0,2023-07-05
289,A,4.091728630798607,3.3,8.27,1.37,2.8,4.1,11.100000000000001,4.11,30.7,2023-07-06
292,A,4.00233422340899,2.58,8.63,1.48,2.5,3.5,10.2,5.15,20.8,2023-07-07
295,A,3.923832407104718,2.23,8.21,1.38,3.1999999999999997,4,10.7,4.37,18.0,2023-07-08
298,A,3.794830868948755,2.72,6.74,1.44,2.1,3.5,11.399999999999999,3.71,27.6,2023-07-09
301,A,3.782972635403656,3.0,7.7,1.46,2.5,2.4,11.1,3.18,8.1,2023-07-10
304,A,4.200285182000574,2.68,8.15,1.38,2.9000000000000004,3.4,13.0,4.78,22.4,2023-07-11
307,A,3.815527219735609,1.99,8.77,1.42,2.2,3,10.6,3.23,9.8,2023-07-12
310,A,3.570648528595225,1.76,8.21,1.36,2.3,2.9,10.4,3.77,32.6,2023-07-13
319,A,3.3597272047832587,1.81,8.47,1.35,2.5,3.3,13.399999999999999,3.3,19.6,2023-07-16
322,A,4.30395910481404,3.01,8.88,1.4,2.7,3.2,10.8,4.95,20.8,2023-07-17
325,A,4.693223417794747,2.52,8.37,1.26,2.6,3.1,11.0,3.34,6.9,2023-07-18
328,A,4.302445520581114,2.63,8.78,1.35,2.5,2.6,10.8,4.25,15.8,2023-07-19
331,A,4.824490337248958,2.79,8.85,1.49,2.0,2.6,8.1,3.81,18.3,2023-07-20
334,A,3.6122707319966785,2.33,7.71,1.41,2.6,3.1,9.5,2.99,21.4,2023-07-21
337,A,4.276022835394862,2.83,8.14,1.35,2.5,3.1,10.7,3,20.7,2023-07-22
340,A,4.532658109926508,3.4,7.68,1.43,2.5,3,9.6,4.01,14.4,2023-07-23
343,A,3.82221285696314,2.49,7.53,1.28,2.0,3.2,9.7,3.75,14.2,2023-07-24
346,A,3.2597458466277915,1.98,7.94,1.28,3.3,3.4,10.100000000000001,3.55,13.5,2023-07-25
349,A,3.772420197975754,2.38,7.65,1.31,2.8,3.4,11.2,3.85,20.0,2023-07-26
352,A,3.952238169993272,2.58,8.01,1.2,2.0,3,8.8,3.83,14.2,2023-07-27
355,A,3.6728365511769376,2.29,8.43,1.35,2.5,2.4,11.2,3.75,21.1,2023-07-28
358,A,3.1483560497369676,2.01,6.74,1.38,2.7,3.3,10.600000000000001,2.9,17.3,2023-07-29
361,A,3.769858241230178,1.97,9.63,1.23,2.3,2.9,9.6,2.79,11.4,2023-07-30
364,A,4.412586835074083,2.77,10.37,1.42,2.4000000000000004,3.4,10.8,3.36,20.9,2023-07-31
367,A,4.225650157670191,1.82,9.74,1.5,2.1,2.8,7.3,3.27,21.5,2023-08-01
370,A,5.211551834334655,3.79,9.29,1.35,1.8,2.8,9.6,4.35,16.599999999999998,2023-08-02
373,A,3.923352826510721,2.19,8.7,1.44,2.0,2.7,9.0,4.05,10.5,2023-08-03
376,A,3.8265647764605055,2.37,6.38,1.4,2.7,3,10.2,3.82,17.0,2023-08-04
379,A,4.5305831363278175,3.36,6.34,1.37,1.5,2.7,10.0,4.56,13.2,2023-08-05
382,A,4.375373058744091,3.1,6.86,1.38,2.4,3.1,10.899999999999999,4.27,11.799999999999999,2023-08-06
385,A,3.256439501275149,1.92,5.97,1.24,3.8,3.3,9.399999999999999,3.12,15.8,2023-08-07
388,A,3.608557631211082,2.25,6.92,1.33,2.4,3.4,10.7,3.25,17.4,2023-08-08
391,A,3.172688093498904,1.88,6.49,1.37,2.0,2.1,9.1,2.95,17.0,2023-08-09
394,A,4.00059450122355,1.76,7.07,1.42,2.4000000000000004,2.6,9.3,3.04,15.0,2023-08-10
397,A,3.349001694094869,2.07,7.14,1.49,2.5,2.6,9.8,3.1,16.0,2023-08-11
400,A,3.4592460041695627,2.27,7.3,1.49,2.3,3.2,8.899999999999999,3.79,18.0,2023-08-12
403,A,4.186100989653622,2.15,8.2,1.34,2.4000000000000004,2.7,10.399999999999999,4.42,14.5,2023-08-13
406,A,3.0035409678965017,2.45,8.25,1.31,2.1,3.1,11.7,3.63,12.1,2023-08-14
409,A,2.884030150753769,2.69,4.16,1.43,2.5,3.2,10.9,2.57,15.0,2023-08-15
412,A,4.277842323651452,2.03,9.35,1.41,1.3,2.6,9.899999999999999,4.69,16.8,2023-08-16
415,A,3.9887393021724815,2.56,6.57,1.27,2.4,2.6,10.2,3.58,12.6,2023-08-17
418,A,3.2261033541967583,2.19,7.19,1.24,2.4,3.3,11.600000000000001,4.42,17.4,2023-08-18
421,A,3.3851463576563963,2.332589641434263,5.960030487804879,1.27,2.0,3,11.6,3.7635059760956175,14.1,2023-08-19
424,A,3.0334144447320734,1.81,9.34,1.39,2.5,2.9,10.8,2.98,20.5,2023-08-20
427,A,3.6437758560243076,2.81,8.75,1.43,2.2,2.8,11.399999999999999,3.02,13.8,2023-08-21
430,A,4.396598919840819,4.71,8.46,1.51,2.1,2.9,9.4,3.75,12.8,2023-08-22
433,A,3.674104395604396,3.02,7.82,1.48,1.2,1.4,4.5,3.39,11.9,2023-08-23
436,A,4.342130555094361,3.7623529411764705,8.020030959752322,1.49,2.2,2.4,9.5,3.2896470588235296,14.7,2023-08-24
442,A,4.99186123805567,2.59,8.309999999999999,1.4,2.9000000000000004,2.9,10.7,4.09,6.1,2023-08-26
445,A,4.560981406402908,3.34,8.71,1.38,1.9,2.2,8.5,4.83,18.1,2023-08-27
448,A,4.7014321758981135,3.48,9.53,1.35,2.5,3.1,9.100000000000001,3.69,13.299999999999999,2023-08-28
451,A,5.472604637157482,3.93,10.33,1.29,2.4,2.4,9.7,5.08,11.3,2023-08-29
454,A,3.822889077876322,2.45,7.61,1.22,2.4000000000000004,3.3,10.6,3.62,16.3,2023-08-30
457,A,3.7079630732578917,1.81,7.22,1.31,2.5,2.6,9.399999999999999,3.95,12.3,2023-08-31
460,A,3.899272952853598,2.01,6.43,1.38,2.5,3.2,11.2,4.31,12.7,2023-09-01
463,A,4.239691640568538,2.99,7.86,1.28,3.1,2.9,9.1,3.42,11.6,2023-09-02
466,A,3.380582870172439,2.36,7.57,1.28,3.5,2.6,9.4,3.01,12.3,2023-09-03
469,A,4.550887141433161,3.36,8.36,1.32,2.3,2.3,8.2,4.2,9.1,2023-09-04
472,A,4.374932735426009,2.32,8.89,1.42,2.4,2.6,9.7,4.34,17.6,2023-09-05
475,A,4.013165532879818,2.64,8.71,1.33,2.2,2.3,9.7,3.31,14.9,2023-09-06
478,A,3.979926576446876,1.7,9.2,1.32,2.1,2.9,10.3,3.87,13.2,2023-09-07
481,A,3.562211802950738,2.58,8.66,1.26,2.1,3.2,9.899999999999999,2.09,16.5,2023-09-08
484,A,4.061640186357663,2.43,7.68,1.38,2.1,2.9,10.5,3.42,12.9,2023-09-09
487,A,5.1700187289299535,3.18,9.01,1.38,2.2,2.9,10.3,5.65,16.4,2023-09-10
490,A,4.754723090386299,2.6,7.99,1.31,2.0,2.6,10.0,4.09,15.6,2023-09-11
493,A,4.121263520157326,2.74,8.59,1.31,2.5,2.6,10.2,3.82,19.8,2023-09-12
496,A,4.347445891994117,3.09,9.34,1.34,1.7999999999999998,2.3,9.3,3.55,12.5,2023-09-13
499,A,3.7922441538848384,2.06,9.46,1.28,2.3,2.9,9.7,4.21,15.5,2023-09-14
505,A,3.3334911591355594,2.08,7.78,1.42,2.2,2.5,10.6,3.26,25.0,2023-09-16
508,A,4.636701908200102,2.77,7.96,1.34,1.6,2.1,8.899999999999999,4.47,13.4,2023-09-17
511,A,3.8143970345963756,2.28,7.83,1.28,2.5,3.2,9.5,4.08,17.3,2023-09-18
517,A,4.876918906448263,2.26,9.75,1.4,1.7999999999999998,2.3,8.8,5.32,23.4,2023-09-20
520,A,6.091794187842202,3.95,10.64,1.36,2.4,2.9,9.2,5.79,21.6,2023-09-21
523,A,5.147385530502144,3.9,8.24,1.32,1.8,2.6,8.1,4.85,16.8,2023-09-22
526,A,4.70039475376109,3.42,8.92,1.22,1.8,2.3,9.399999999999999,4.23,8.6,2023-09-23
529,A,3.7746134115060457,2.26,8.62,1.25,2.8,2.9,10.2,3.2,11.9,2023-09-24
532,A,4.110788367203925,3.16,8.01,1.25,2.4,3.1,11.1,3.39,5.8999999999999995,2023-09-25
535,A,3.8615019200682688,2.33,8.29,1.27,2.3,3.1,10.3,3.14,7.4,2023-09-26
538,A,3.319020379805466,1.19,8.94,1.32,1.9,2,9.8,3.04,10.9,2023-09-27
541,A,3.4058458149779733,1.62,7.97,1.22,1.6,2.6,9.8,3.89,3.9,2023-09-28
544,A,4.568493710353725,2.0,7.96,1.36,2.3,2.2,10.3,4.01,8.9,2023-09-29
547,A,4.6034322414900455,4.38,8.67,1.27,2.1,3.6,10.7,3.44,4.5,2023-09-30
550,A,3.9808216880939065,2.76,9.11,1.36,2.2,2.2,9.8,4.1,11.0,2023-10-01
553,A,3.6953867505551448,2.46,8.51,1.36,1.6,2.3,8.5,3.37,8.5,2023-10-02
556,A,5.353154352149304,3.49,9.46,1.35,1.9,2.9,9.8,5.31,10.2,2023-10-03
559,A,4.205782747603834,3.48,8.93,1.4,1.9,2.3,8.2,4.16,6.2,2023-10-04
562,A,4.155078467411283,2.52,8.37,1.35,2.5,2.5,10.899999999999999,4.22,8.8,2023-10-05
565,A,4.566052278820376,3.09,8.76,0,2.0,2.4,10.0,5.03,7.9,2023-10-06
568,A,4.991197854588796,2.38,7.6,1.36,1.7999999999999998,2.4,8.0,5.46,4.1,2023-10-07
571,A,3.906550079491256,2.2,6.02,1.39,1.8,2.8,9.6,4.2,6.3,2023-10-08
574,A,4.524848605050907,2.97,6.68,1.38,2.1,2.4,9.0,4.96,7.6,2023-10-09
577,A,4.3487879538976335,2.59,6.94,1.41,2.3,2.6,9.7,5,7.1,2023-10-10
580,A,4.170308331511043,2.82,7.61,1.24,1.6,2.3,9.2,3.17,9.5,2023-10-11
583,A,4.836388480392157,3.43,9.3,1.29,2.0,2.9,9.6,5.01,16.0,2023-10-12
586,A,4.778141414141413,3.85,8.92,1.33,1.9,2.9,9.3,4.15,14.600000000000001,2023-10-13
589,A,4.560080777483277,2.98,7.97,1.48,2.2,3.3,10.5,4.72,17.4,2023-10-14
592,A,3.935333978702808,2.55,8.12,1.28,1.7,2.6,10.5,4.23,15.2,2023-10-15
595,A,3.7809738186462325,2.05,9.0,1.46,2.3,2.8,8.2,4.21,9.899999999999999,2023-10-16
598,A,3.977653520619485,2.53,8.71,1.32,2.4,3.3,11.100000000000001,4.46,15.6,2023-10-17
601,A,3.5660286591606956,3.05,6.77,1.25,2.8,2.9,10.1,3.19,13.4,2023-10-18
607,A,4.632977818641535,2.95,7.89,1.27,2.6,3.8,10.0,4.12,15.5,2023-10-20
610,A,4.569407531165661,3.62,8.64,1.31,2.8,3.2,8.9,4.74,18.0,2023-10-21
613,A,3.4663817043288865,2.44,7.04,1.35,2.3,2.8,9.6,3.53,18.7,2023-10-22
616,A,3.7809781158259943,2.35,9.06,1.37,2.5,3.5,9.5,3.52,9.5,2023-10-23
619,A,3.0738508968609866,2.41,8.64,1.27,2.2,2.6,8.7,3.46,12.1,2023-10-24
622,A,4.121517403206883,3.02,8.12,1.4,3.5,2.7,9.7,4.08,7.9,2023-10-25
625,A,3.4169876576698766,2.4,8.1,1.37,2.4,2.8,10.1,3.53,11.8,2023-10-26
628,A,4.266972013651878,2.47,8.66,1.33,1.7000000000000002,2.6,8.4,3.7,9.8,2023-10-27
631,A,3.887792642140468,2.75,9.79,1.37,1.7000000000000002,2,10.399999999999999,3.79,9.2,2023-10-28
634,A,4.184083482256829,2.44,10.17,1.3,2.0,2.3,8.2,3.59,7.3,2023-10-29
637,A,4.3168569628229365,2.45,10.15,1.42,2.0999999999999996,2.5,7.9,4.28,8.7,2023-10-30
640,A,4.34587382445141,1.96,10.0,1.44,2.0,2.9,8.6,4.25,7.6,2023-10-31
643,A,4.572184484754922,2.39,8.21,1.4,2.3,2.2,9.8,4.91,14.4,2023-11-01
646,A,5.239493896993152,3.53,9.94,1.42,3.5,3.9,9.4,5.07,11.200000000000001,2023-11-02
649,A,4.536158801288335,2.61,11.03,1.33,2.5,3.9,10.8,4.21,14.100000000000001,2023-11-03
652,A,4.25093441150045,2.98,10.35,1.42,2.8,3.3,10.0,4.2,17.3,2023-11-04
655,A,4.035696601658297,2.69,8.36,1.39,2.8,3.3,10.399999999999999,4.27,31.4,2023-11-05
661,A,4.779135066041755,4.55,9.48,1.37,2.7,3.6,10.5,4.46,8.9,2023-11-07
664,A,3.9236601307189543,2.45,7.05,1.36,1.7999999999999998,3.1,10.4,4.26,10.7,2023-11-08
667,A,3.991467923604309,2.84,7.79,1.44,2.3,3.8,9.7,4,11.9,2023-11-09
670,A,4.639399850894632,3.58,8.46,1.44,2.6,3.5,11.0,4.53,11.1,2023-11-10
673,A,5.563022273984568,4.23,9.41,1.45,2.5999999999999996,2.9,10.5,5.8,11.899999999999999,2023-11-11
676,A,3.9168566493955086,2.97,8.12,1.4,2.5,3.1,9.399999999999999,3.88,9.1,2023-11-12
679,A,4.742225851609892,3.48,8.75,1.47,1.6,2.7,9.3,5.09,8.899999999999999,2023-11-13
682,A,4.431863354037267,4.15,9.11,1.31,1.9,2.5,9.5,4.07,11.6,2023-11-14
685,A,3.1910462776659956,1.78,8.14,1.2,2.1,3.8,10.7,2.91,8.6,2023-11-15
688,A,3.70080412371134,3.08,8.19,1.32,2.1,3,9.0,3.79,9.7,2023-11-16
691,A,4.3172603992076795,2.45,7.32,1.35,1.9,2.3,8.5,3.39,10.8,2023-11-17
694,A,4.054710877981766,2.56,6.56,1.36,2.0,3,10.899999999999999,4.73,9.7,2023-11-18
697,A,4.534525059665872,3.44,9.61,1.34,1.7000000000000002,2.3,8.899999999999999,5.29,12.6,2023-11-19
700,A,4.063883649585274,3.55,6.63,1.45,2.5,4.1,11.100000000000001,3.77,4.6,2023-11-20
703,A,3.6489927917397234,1.62,10.08,1.41,2.3,3,10.4,3.53,8.7,2023-11-21
706,A,3.852440060698027,2.62,7.93,1.48,2.4,3.9,10.5,3.59,11.5,2023-11-22
709,A,4.345630894308944,2.61,9.26,1.4,2.8,2.9,10.5,3.82,14.5,2023-11-23
712,A,3.667882105728822,1.69,9.21,1.46,2.3,3.2,10.3,3,9.5,2023-11-24
715,A,3.6447371125192674,2.42,9.56,1.41,2.5,3.3,9.899999999999999,3.86,15.6,2023-11-25
718,A,4.2578150644783115,2.69,8.5,1.44,2.7,3.2,11.0,3.58,10.2,2023-11-26
721,A,3.3265291659095038,2.25,9.93,1.4,2.1,2.3,9.899999999999999,4.18,12.9,2023-11-27
724,A,3.506841743434621,2.18,7.31,1.38,2.8,2.8,10.0,4.31,11.4,2023-11-28
727,A,3.8660753128289085,2.05,9.01,1.38,1.9000000000000001,2.3,10.899999999999999,3.99,13.6,2023-11-29
730,A,2.9329618654985827,2.28,4.55,1.51,2.7,2.8,10.5,3.04,13.0,2023-11-30
733,A,3.176140015910899,1.75,8.61,1.4,2.9000000000000004,3.8,11.6,2.7,9.2,2023-12-01
736,A,4.750645315487572,2.43,8.87,1.34,0.9,2.8,11.2,5.28,8.6,2023-12-02
739,A,3.2005614591593967,1.41,7.52,1.42,2.1,2.6,9.3,4.22,8.6,2023-12-03
742,A,3.3308810317345316,2.27,7.89,1.43,2.1,2.9,9.9,3.4,12.799999999999999,2023-12-04
745,A,3.7819815092453775,2.25,8.97,1.4,1.9,2.1,9.3,3.48,15.6,2023-12-05
748,A,4.548999632668054,2.48,10.8,1.36,2.1,2.9,10.1,4.55,15.0,2023-12-06
751,A,4.586526867627785,2.56,8.74,1.34,2.1,2.3,9.8,4.45,10.0,2023-12-07
754,A,4.516919495635305,1.98,8.35,1.36,2.5999999999999996,3.1,10.600000000000001,3.75,34.6,2023-12-08
757,A,2.343218906330861,1.28,8.44,1.33,1.6,2.4,9.3,3.2,11.6,2023-12-09
760,A,3.7700175151798225,2.71,8.74,1.37,1.9,2.8,8.0,4.7,14.9,2023-12-10
763,A,3.2641595059076263,2.32,5.81,1.49,2.5,3,9.100000000000001,3.86,15.4,2023-12-11
766,A,3.745619554695063,2.48,8.96,1.42,2.7,2.2,8.8,4.18,10.3,2023-12-12
790,A,3.658133016627078,1.37,8.52,1.36,2.8,2.9,10.399999999999999,3.39,9.3,2023-12-20
793,A,3.7277205531711974,2.57,6.57,1.36,2.0,2.4,11.899999999999999,3.96,5.1,2023-12-21
796,A,4.208054075133238,1.92,8.21,1.37,2.0,2.9,10.399999999999999,3.19,4.6,2023-12-22
799,A,3.418008485471844,1.91,7.86,1.52,2.7,3,10.6,3.13,6.5,2023-12-23
802,A,3.845956384015594,2.8,8.17,1.37,2.2,3.1,10.7,3.73,9.0,2023-12-24
805,A,4.052682387619749,2.67,9.51,1.39,2.3,3.3,10.6,3.36,8.0,2023-12-25
808,A,3.263239312472455,2.1,9.59,1.38,1.6,3,10.0,3.76,6.9,2023-12-26
811,A,4.17265519219736,2.9,8.61,1.32,2.3,3.3,10.6,3.56,8.0,2023-12-27
814,A,5.279949494949495,3.04,10.17,1.3,1.7000000000000002,2.9,10.7,3.97,22.1,2023-12-28
817,A,4.891818071705426,3.76,9.66,1.29,2.0,2.3,9.9,5.55,10.600000000000001,2023-12-29
820,A,4.594637146371463,3.59,10.05,1.31,1.4,2.8,9.2,4.5,5.6,2023-12-30
823,A,4.224553824362606,3.32,10.34,1.39,2.0,2.8,10.399999999999999,4.44,5.4,2023-12-31
826,A,3.276694392657393,2.61,9.05,1.31,1.9,2.9,9.8,3.85,8.2,2024-01-01
829,A,5.378826479438315,4.45,9.08,1.4,2.4000000000000004,2.6,9.3,5.46,6.5,2024-01-02
832,A,4.708564537348341,3.78,7.72,1.22,2.7,.4.2,12.1,4.57,7.1,2024-01-03
835,A,5.290590918104303,3.28,10.01,1.38,2.2,2.6,10.1,5.8,7.1,2024-01-04
838,A,3.2004169148302566,1.75,8.27,1.33,2.6,2.9,8.7,3.42,6.800000000000001,2024-01-05
841,A,4.161944961446424,3.48,6.88,1.37,2.4000000000000004,2.3,9.7,4.41,6.8,2024-01-06
844,A,3.6687877702137826,2.82,9.04,1.38,2.1,2.9,9.8,2.98,14.0,2024-01-07
847,A,2.835017227235438,1.54,7.35,1.42,1.5,2.8,11.0,2.8,27.1,2024-01-08
850,A,4.368910233176272,2.66,7.78,1.5,2.1,2.4,9.6,5.15,5.6,2024-01-09
853,A,4.321073552879733,3.01,8.7,1.32,2.7,2.9,10.600000000000001,4.36,10.1,2024-01-10
856,A,3.2622252850519984,2.04,8.23,1.31,2.9,2.9,9.899999999999999,3.38,10.7,2024-01-11
859,A,3.5237976487353047,2.18,7.89,1.32,1.7000000000000002,3.7,11.899999999999999,3.39,8.7,2024-01-12
862,A,3.7669446485427382,2.59,8.6,1.29,2.1,2.7,9.7,3.48,10.6,2024-01-13
865,A,7.045006927824663,5.42,11.65,1.32,1.6,2.9,9.2,5.17,20.299999999999997,2024-01-14
868,A,5.356437079233558,2.83,11.01,1.36,1.9,2.1,9.7,4.93,8.6,2024-01-15
871,A,5.657236066452304,3.92,10.92,1.36,1.7000000000000002,2,10.3,5.91,7.300000000000001,2024-01-16
874,A,5.424950224791265,3.62,9.12,1.27,1.6,2.3,8.3,5.79,12.3,2024-01-17
877,A,4.977089163871863,3.53,9.69,1.48,1.6,2.6,9.3,4.99,8.799999999999999,2024-01-18
880,A,4.724092749355908,4.32,9.72,1.34,1.6,2.3,8.899999999999999,4.07,7.9,2024-01-19
883,A,5.960367295243457,5.28,10.49,1.37,2.3,3,11.5,6.52,10.4,2024-01-20
886,A,5.167770658123081,4.68,10.47,1.32,1.7999999999999998,2.3,8.0,4.59,11.3,2024-01-21
889,A,5.508446445370246,2.67,8.93,1.24,2.2,2.9,9.1,6.13,12.5,2024-01-22
892,A,7.678823982539479,5.98,10.31,1.36,2.1,3.2,9.6,7.45,5.8,2024-01-23
895,A,5.2236667713567835,4.1,9.71,1.35,1.8,3.1,10.0,5.45,8.9,2024-01-24
898,A,5.543123834390152,4.38,9.83,1.34,2.2,3.7,13.600000000000001,5.71,7.6,2024-01-25
901,A,3.754109133581068,2.91,6.99,1.32,2.0,2.7,9.8,3.31,11.2,2024-01-26
904,A,4.591375268048607,3.19,9.59,1.38,1.7,2.4,9.2,3.97,6.2,2024-01-27
907,A,4.261312405446294,2.81,9.57,1.23,2.5,3.4,10.7,3.59,17.6,2024-01-28
910,A,4.266341271918346,2.53,9.23,1.26,1.7,2,9.7,4.44,9.1,2024-01-29
913,A,3.9562231595092023,2.5,10.02,1.28,1.2,2.6,9.1,4.13,12.9,2024-01-30
916,A,4.532319044272664,3.03,10.31,1.29,2.5,3.1,10.8,4.5,10.7,2024-01-31
922,A,6.427715930902112,5.24,10.0,0,1.8,2.2,4.9,6.04,24.400000000000002,2024-02-02
925,A,5.672721697331344,3.67,10.68,1.46,4.0,6.1,11.2,5.58,15.7,2024-02-03
928,A,3.7125177498634625,1.67,9.29,1.37,2.0,2.8,5.5,4.38,17.400000000000002,2024-02-04
931,A,5.101514592225171,3.47,9.13,1.45,2.2,2.9,6.2,5.92,13.6,2024-02-05
934,A,6.044822588705647,3.9,10.04,1.39,2.1,2.8,5.1,6.75,8.8,2024-02-06
937,A,4.341481823783118,3.18,9.6,1.47,1.5,2.8,5.6,4.78,13.5,2024-02-07
940,A,4.741125239505313,3.2,9.58,1.48,2.3,3.3,5.9,5.06,9.5,2024-02-08
943,A,5.316326092146097,3.73,10.76,1.39,2.0,3.7,7.1,5.65,13.5,2024-02-09
946,A,5.227436969124983,4.48,7.37,1.35,1.6,2.1,5.3,4.98,6.9,2024-02-10
949,A,5.554481583644329,3.9,9.06,1.45,1.9,2.1,5.1,5.74,15.0,2024-02-11
952,A,4.927790272320824,3.4,8.95,1.45,1.9,3,4.9,5.24,11.4,2024-02-12
955,A,5.604519640832545,5.307874015748032,9.195,1.46,2.1,2.2,5.6,4.741700787401576,7.8,2024-02-13
958,A,5.883775577557755,4.09,10.16,1.41,2.7,3.6,5.1,6.34,11.6,2024-02-14
961,A,5.680708482901945,4.51,10.4,1.43,2.3,3.3,4.9,5.23,10.700000000000001,2024-02-15
964,A,5.709659875399899,3.94,7.01,1.32,2.6,2.9,6.2,6.77,14.0,2024-02-16
967,A,4.588515827711468,3.54,8.52,1.44,2.4000000000000004,2.9,5.3,4.99,13.7,2024-02-17
970,A,4.613111111111111,4.1,8.97,1.44,2.7,3.1,5.1,4.28,14.299999999999999,2024-02-18
973,A,5.380245380187823,4.02,9.54,1.51,1.3,2.2,5.1,6.08,16.5,2024-02-19
976,A,4.227823875802997,2.66,7.56,1.5,2.5,2.9,6.4,4.5,12.2,2024-02-20
979,A,5.113892744479496,4.39,6.03,1.69,2.0,2.8,4.9,5.5,25.900000000000002,2024-02-21
982,A,4.758274002157497,3.1,9.74,1.32,2.7,2.9,5.9,4.8,10.5,2024-02-22
985,A,5.285583256790447,3.23,10.2,1.39,1.3,2.2,5.5,5.53,15.399999999999999,2024-02-23
988,A,6.0279597821533315,3.76,9.22,0,2.6,3.5,6.4,5.19,18.5,2024-02-24
991,A,6.018209318996416,3.45,9.01,0,2.7,3.1,5.9,5.2,9.4,2024-02-25
994,A,4.71392725355825,3.02,9.29,1.4,2.1,3.3,6.8,4.59,8.8,2024-02-26
997,A,4.936693467336684,2.8,9.61,1.35,1.8,2.8,5.7,4.4,11.0,2024-02-27
1000,A,4.508888561320755,2.73,8.97,1.3,1.9,2.9,5.6,4.03,9.1,2024-02-28
1003,A,4.701728353140917,3.12,9.59,1.37,2.0,2.6,5.6,4.16,7.0,2024-02-29
