,Shift,WROM_Al2O3,SO_Al2O3,SL_Al2O3,SL_PulpDen,SL_60,SL_100,SL_300,CFO_Al2O3,CFO_10
1,A,4.843573923166472,2.07,10.57,1.2,2.4,2.9,10.2,5.62,35.1
2,B,4.8920912361020275,2.25,10.96,1.27,2.7,3.2,10.899999999999999,5.12,29.5
3,C,3.738632854258226,1.67,12.0,1.33,2.9,3.7,10.5,5.09,22.8
4,A,3.4425152319950008,2.55,10.54,1.35,1.8,2.4,9.0,4.26,24.1
5,B,3.5652194802358594,2.1,8.89,1.31,2.4,2.9,10.6,5.13,25.5
6,C,3.6868814457649055,2.6544664031620555,9.996713615023474,1.31,2.4000000000000004,2.6,10.4,4.6224,29.2
7,A,3.512797510069571,2.36,8.4,1.22,2.7,3.3,9.0,4.85,30.2
8,B,3.286409266409266,2.55,9.63,1.2,2.1,2.8,8.100000000000001,4.69,19.5
9,C,2.6950485436893206,1.02,10.09,,0.6,2.5,8.6,5.28,34.6
10,A,,,,,,,0.0,,
11,B,,,,,,,0.0,,
12,C,,,,,,,0.0,,
13,A,,,,,,,0.0,,
14,B,,,,,,,0.0,,
15,C,,,,,,,0.0,,
16,A,,,,,,,0.0,,
17,B,,,,,,,0.0,,
18,C,,,,,,,0.0,,
19,A,,,,,,,0.0,,
20,B,,,,,,,0.0,,
21,C,,,,,,,0.0,,
22,A,,,,,,,0.0,,
23,B,,,,,,,0.0,,
24,C,,,,,,,0.0,,
25,A,,,,,,,0.0,,
26,B,,,,,,,0.0,,
27,C,,,,,,,0.0,,
28,A,,,,,,,0.0,,
29,B,,,,,,,0.0,,
30,C,,,,,,,0.0,,
31,A,4.692794195717571,2.09,9.37,1.35,3.0,3.8,10.899999999999999,5.96,25.2
32,B,4.915581639344262,3.5,9.31,1.3,2.2,3.3,12.9,5.38,13.8
33,C,4.690686686040253,2.72,8.9,1.33,2.3,3.9,9.6,5.71,26.4
34,A,4.421461289014998,2.79,9.43,1.23,1.7000000000000002,2.7,10.8,5.16,15.5
35,B,5.2505824858010826,3.0,9.92,1.33,1.7000000000000002,2.8,10.2,5.71,25.4
36,C,5.968353342600784,3.27,9.54,1.28,2.5,3.3,9.6,7.19,24.299999999999997
37,A,5.33923568575233,3.24,9.82,1.34,2.4000000000000004,2.4,9.4,5.8,28.2
38,B,4.77669099756691,2.51,9.08,1.33,2.4,2.8,10.4,5.21,20.0
39,C,3.6679721287842386,2.13,8.51,1.32,2.8,3.3,8.5,3.67,26.7
40,A,5.439982823235478,2.66,10.81,1.24,2.0,3,11.0,4.6,27.0
41,B,3.393663217309501,2.9,10.4,1.35,1.4,2.3,9.600000000000001,3.66,17.3
42,C,4.581435617860852,2.83,9.88,1.3,2.5,2.8,11.5,4.54,27.5
43,A,4.415095649229727,2.63,10.1,1.23,2.3,3.1,10.6,5.06,22.6
44,B,4.627320647002855,3.58,10.4,1.37,1.9,2.2,8.7,4.77,22.9
45,C,4.213448504983389,3.22,9.19,1.34,2.1,2.3,9.1,4.14,21.1
46,A,4.263295314771329,3.07,9.53,1.39,2.4,2.4,11.0,4.08,24.7
47,B,4.728981541450778,3.06,9.64,1.37,2.0,2.4,9.5,4.76,25.3
48,C,3.4570772606174582,2.1,9.94,1.37,2.8,3.2,11.7,3.41,21.1
49,A,3.6859053763440857,1.68,9.24,1.28,2.2,2.9,9.5,3.63,20.7
50,B,3.2168271165454265,2.12,7.97,1.24,2.3,3,10.4,3.13,13.1
51,C,4.136902483603914,2.16,11.21,1.36,2.8,3.4,11.4,4.34,26.6
52,A,4.485041660116334,3.08,3.08,1.3,3.0,3.1,10.8,6.02,24.1
53,B,3.080553875755909,2.26,2.26,1.25,8.9,3,9.0,3.76,19.9
54,C,3.414145362349461,1.95,1.95,1.3,3.4,4.2,10.9,4.97,26.0
55,A,4.153809186444681,1.81,9.84,1.41,2.4,3.6,11.3,4.74,24.3
56,B,4.684054913294799,2.52,10.24,1.43,3.1999999999999997,3.9,11.8,4.49,28.2
57,C,4.7624025215970125,2.94,10.02,1.4,2.0,3.4,11.0,5.24,25.5
58,A,4.092538984406237,1.7,9.54,1.29,2.1,3.1,9.8,4.42,17.3
59,B,3.5771186214266626,2.04,9.51,1.32,2.5,3.6,9.8,3.81,24.8
60,C,5.401128086209249,4.23,10.7,1.36,1.9,2.9,11.399999999999999,5.38,19.6
61,A,4.2254468362687545,2.19,9.48,1.32,2.7,3.5,13.6,4.61,21.0
62,B,4.98090235396687,3.23,10.88,1.46,3.1,3.9,11.6,4.09,22.4
63,C,4.254260811263828,2.14,10.42,1.36,2.6,4,11.0,4.69,24.3
64,A,5.183202069560218,2.92,10.62,1.38,2.3,3.3,10.1,5.13,22.2
65,B,5.128171455340412,4.43,10.62,1.27,2.8,3.6,12.100000000000001,4.27,20.3
66,C,4.618898030127463,2.42,8.9,1.32,2.0,2.9,11.0,5.42,25.0
67,A,5.140602194133079,3.44,9.94,1.38,2.5999999999999996,2.8,10.4,4.38,26.5
68,B,4.413168730004172,3.04,9.22,1.36,3.0,3.2,10.5,4.34,23.8
69,C,4.3124400746375775,2.99,8.69,1.28,2.5,3.3,11.5,4.28,30.4
70,A,3.6994605755581365,1.7,8.11,1.32,3.4,4.2,11.6,4.28,34.0
71,B,4.8819300592394415,3.44,9.82,1.48,3.5,4.8,12.7,5.12,32.5
72,C,5.128831955922865,3.36,9.71,1.39,2.5999999999999996,3,9.9,5.57,27.1
73,A,3.930811258278146,3.71,7.87,1.21,2.5,3,11.600000000000001,4.18,28.0
74,B,4.980813499922026,2.129407114624506,9.77,1.27,2.4,2.8,10.9,6.550202808112324,31.0
75,C,4.726302333923603,2.411383399209486,9.873860465116278,1.35,2.3,3.3,10.8,5.1160930232558135,27.3
76,A,3.79086773255814,2.69,8.74,1.43,2.2,2.9,10.7,3.54,23.9
77,B,3.522204555878306,1.68,7.78,1.47,2.6,3.3,11.4,4.56,21.1
78,C,4.8378786415580235,2.2,9.17,1.32,1.8,2.5,9.0,6.24,30.8
79,A,4.452424046541694,1.97,8.77,1.43,3.8,3.6,11.2,5.4,28.0
80,B,3.569051752374713,1.84,7.24,1.27,2.5,3.5,10.899999999999999,4.97,23.2
81,C,4.490959290608625,3.09,8.09,1.44,2.1,2.8,9.5,4.64,17.6
82,A,3.38661320010518,2.73,6.56,1.34,3.4,2.8,11.5,3.34,26.0
83,B,2.8630019059720455,1.64,6.3,1.42,2.8,2.5,10.2,3.62,21.299999999999997
84,C,3.8005922847123004,1.73,7.44,1.36,1.3,2.3,9.2,4.86,20.1
85,A,4.966688596491228,3.04,10.1,1.46,2.5,2.9,11.8,5.13,25.3
86,B,4.092256,2.87,7.79,1.51,2.0,3.4,10.899999999999999,4.42,19.9
87,C,4.765403888280394,3.42,8.87,1.41,2.5,2.8,10.899999999999999,4.7,27.099999999999998
88,A,6.063415753250063,5.14,10.44,1.49,2.5,3,10.8,5.62,23.599999999999998
89,B,4.513285984848484,2.44,8.48,1.36,2.3,2.6,9.9,4.08,30.7
90,C,5.835593963626983,3.56,10.04,1.32,1.7000000000000002,2.9,10.7,6,20.8
91,A,5.3576505280482785,2.67,10.39,1.4,2.5999999999999996,2.6,11.2,6.37,24.599999999999998
92,B,4.505627615062761,2.13,10.63,1.37,2.5,2.8,8.9,4.55,21.4
93,C,4.230675960021041,2.11,10.59,1.4,2.7,3.2,10.2,3.72,25.2
94,A,4.927063867534003,3.16,9.32,1.42,2.5,3.3,13.4,4.81,19.8
95,B,5.197802197802198,4.45,10.03,1.36,2.5999999999999996,2.6,10.8,4.48,17.0
96,C,4.576205581820955,2.6,9.52,1.38,3.4,3.5,10.5,4.85,27.7
97,A,3.6803277535518357,2.63,7.91,1.3,3.0,3.6,11.5,3.45,22.6
98,B,5.189777973827377,2.99,9.62,1.42,2.5,3,11.8,5.73,24.799999999999997
99,C,3.8148839196695628,2.76,7.62,1.42,3.1999999999999997,3.9,12.7,3.43,26.0
100,A,5.2975556348923005,4.61,9.16,1.45,2.2,3.6,10.2,4.68,23.4
101,B,4.571749966320894,2.54,10.44,1.44,2.2,2.8,10.7,5.56,18.0
102,C,4.504286105032823,3.19,8.11,1.44,2.2,3.2,11.2,4.64,24.0
103,A,4.513949563145354,2.96,9.92,,2.4,2.8,11.1,4.97,20.7
104,B,4.79381836596894,2.7,8.27,1.49,2.4,2.6,10.9,5.54,24.5
105,C,3.964725313757993,2.18,8.68,1.31,3.1999999999999997,3.3,10.5,4.2,26.6
106,A,4.040394842868654,2.85,7.97,1.46,3.3,3.3,10.3,3.97,19.0
107,A,4.583050847457628,1.82,8.39,1.43,3.5,2.8,8.5,5.03,26.9
108,B,3.0246327493261456,1.71,9.7,1.44,2.6,3,10.4,3.15,23.6
109,C,3.830262362637362,2.07,9.78,1.49,2.7,3.4,11.1,3.33,26.5
110,A,4.865827245380317,3.07,9.86,1.51,2.8000000000000003,4.5,12.7,4.59,26.7
111,B,5.492111056146426,3.78,9.78,1.3,1.6,2.9,9.1,5.6,19.5
112,C,4.439842261439949,3.23,9.58,1.34,2.8,2.9,9.1,4.46,37.7
113,A,4.717212198221093,2.77,9.84,1.37,2.6,3,11.0,5.79,26.2
114,B,3.815089316987741,1.67,9.0,1.46,2.7,3.6,12.5,3.6,23.3
115,C,4.266874308883155,1.81,9.23,1.41,3.3,3,12.1,4.51,23.5
116,A,4.554929944607364,2.14,8.65,1.25,3.5,3.6,10.7,5.47,24.5
117,B,5.885844005999769,4.03,9.42,1.43,2.6,3.5,12.0,6.38,23.1
118,C,5.510645704660305,1.6,9.38,1.45,3.1,2.8,9.600000000000001,5.45,27.3
119,A,4.268515455531454,2.3,9.64,1.49,2.8,2.2,9.2,5.19,32.1
120,B,4.224374772147285,2.6,8.6,1.49,2.4,2.9,9.5,5.28,24.9
121,C,4.47608977398451,3.2,9.46,1.37,2.5999999999999996,2.3,11.8,4.93,23.5
122,A,4.2312640144665465,2.73,9.62,1.34,3.0,3.6,10.899999999999999,5.46,26.0
123,A,4.40876449959536,2.65,9.35,1.32,2.7,3.2,11.2,5.72,28.5
124,B,4.785507246376811,3.46,9.78,1.43,3.8000000000000003,3.2,8.9,5.92,20.4
125,C,4.4459989102796955,3.37,11.46,1.33,3.5,3.9,10.2,4.63,22.7
126,A,3.7476118173258004,1.75,9.82,1.32,2.4,3.3,11.2,5.49,24.4
127,B,4.0054023536895675,3.14,9.47,1.39,2.7,2.8,10.3,5.04,19.5
128,C,4.290892763502884,2.58,9.24,1.34,3.0,3.3,10.5,5.65,19.0
129,A,4.392365642994242,2.37,9.71,1.37,2.3,2.9,10.8,5.55,24.8
130,B,4.5032074844995575,2.64,10.04,1.34,3.2,2.7,9.0,5.51,23.5
131,C,3.680162801881844,3.065238095238095,9.436506955177745,1.33,5.699999999999999,3.8,8.899999999999999,3.26047619047619,23.3
132,A,3.4244100405845592,1.9699601593625495,9.6,1.31,2.6,3.5,10.8,3.75,25.5
133,B,3.726841944359523,1.42,8.33,1.39,2.1,3,10.6,4.43,25.400000000000002
134,C,3.791838071141539,2.15,8.91,1.29,2.6,2.9,9.5,3.9,22.599999999999998
135,A,3.8835947800349793,2.52,9.66,1.32,1.6,2.5,9.3,3.7,18.7
136,B,3.771035577449371,2.44,8.92,1.32,2.7,2.7,10.399999999999999,3.65,24.6
137,C,4.556807184206621,3.35,9.85,1.31,2.1,3,11.4,4.54,24.0
138,A,5.544576055080964,3.88,9.71,1.37,2.8,2.1,9.399999999999999,6.26,31.2
139,A,3.8477971941914837,3.09,8.51,1.37,2.8,3.2,10.8,4.76,27.3
140,B,4.567560228664761,3.06,9.17,1.39,2.5999999999999996,2.8,10.3,4.49,25.8
141,C,5.554803639120545,5.06,8.4,1.34,2.2,2.7,9.7,5.63,14.8
142,A,5.259424938318466,4.46,9.31,1.56,2.8,2.9,11.2,4.68,19.6
143,B,4.998701630049609,3.59,9.7,1.45,2.9000000000000004,4.1,12.1,4.74,25.3
144,C,4.986743618201998,2.91,9.88,1.39,2.6,3,9.600000000000001,5.8,28.4
145,A,,2.83,,,0.0,,0.0,6.1,23.2
146,B,,,,,0.0,,0.0,,
147,C,,,,,0.0,,0.0,,
148,A,3.871021686746988,3.03,9.65,1.32,2.1,2.6,8.5,3.52,40.5
149,B,5.185662636033857,3.74,8.1,1.42,2.1,2.3,9.7,5.93,29.5
150,C,3.7257972819932053,2.12,8.98,1.4,3.0,3.8,11.6,4.71,24.7
151,A,4.125716058960435,3.16,9.07,1.47,3.3,3.1,12.1,4.73,21.700000000000003
152,B,3.127460194174757,2.25,8.1,1.39,2.3,2.4,9.8,3.55,9.9
153,C,3.218731216516399,1.87,7.98,1.3,2.0,2.9,11.399999999999999,3.14,19.9
154,A,3.5352411417322833,2.66,5.51,1.42,2.4,2.6,9.899999999999999,3.94,17.5
155,B,2.807453051643192,1.4,5.52,1.27,5.5,3,9.3,4.22,20.799999999999997
156,C,3.455835619570187,2.48,6.87,1.26,2.7,2.9,11.3,3.84,18.200000000000003
157,A,3.3556535908267953,2.22,6.77,1.28,2.7,3.4,10.4,4.06,18.0
158,B,5.248384451369526,3.78,8.38,1.32,3.3,2.8,8.5,6.53,19.799999999999997
159,C,4.040574632905538,3.59,9.52,1.33,3.8,3.1,10.8,3.49,19.5
160,A,5.414128040663199,4.38,8.68,1.29,2.7,3.1,10.6,5.66,17.9
161,B,4.8333290529695025,3.47,9.91,1.35,1.5,2.3,8.0,6,20.8
162,C,3.7215698808234015,3.45,9.17,1.42,2.5,3.1,11.5,3.1,15.7
163,A,6.320029543843063,3.92,8.89,1.4,1.9,1.9,5.9,8.16,17.2
164,B,4.640880228914021,2.76,9.45,1.43,1.7000000000000002,2.8,9.7,5.55,13.6
165,C,3.308948778038165,1.78,6.45,1.28,2.5,2.5,10.7,4.17,13.8
166,C,3.407761362213597,2.07,6.86,1.35,2.2,2.2,10.2,4.55,28.799999999999997
167,A,3.363681239333071,1.49,9.43,1.3,1.5,2.4,8.9,4.82,11.7
168,B,2.801971955393618,1.81,6.24,1.29,2.8,2.9,10.100000000000001,2.82,30.400000000000002
169,A,3.6695185593531785,1.68,7.63,1.27,1.7000000000000002,2.8,8.3,4.01,26.2
170,B,3.464304442825928,2.1,7.85,1.3,2.7,3.1,10.2,4.25,12.5
171,C,5.14204117807472,3.25,11.47,1.32,3.5,3.9,10.5,7.18,10.4
172,A,5.996075085324232,3.83,7.79,1.22,2.3,2.2,8.2,8.09,26.0
173,B,5.61111747469366,4.37,9.39,1.33,1.7000000000000002,2.6,9.9,6.73,33.9
174,C,4.526442838929026,3.48,8.95,1.38,2.8,2.9,10.1,5.24,30.2
175,A,4.754807813484561,3.72,8.21,1.36,1.8,2,9.0,5.38,19.1
176,B,4.047013634852012,2.99,9.98,1.35,2.8,2.2,10.2,4.1,20.2
177,C,4.808856536602616,2.03,10.1,1.23,2.3,2.5,10.1,6.7,25.5
178,A,6.32742385786802,4.01,10.09,1.42,1.9,2.9,8.6,6.7,22.6
179,B,3.8564017320854873,1.67,10.12,1.46,2.8,3.2,10.5,5.32,31.1
180,C,4.291533260233918,2.87,10.22,1.25,2.2,3.5,12.0,5.7,19.9
181,A,5.12030944075616,3.12,10.68,1.28,2.2,2.9,9.5,6.52,19.2
182,B,4.899876113046845,3.5,10.77,1.35,2.5,3.2,10.5,6.09,27.1
183,C,4.98387978815125,3.59,10.11,1.23,2.5,3.9,10.8,5.78,18.9
184,A,6.614838396448883,4.36,9.83,1.3,2.5,2.9,10.3,8.15,19.4
185,B,3.713174578142249,2.62,8.46,1.32,2.4,3,8.4,3.99,19.8
186,C,5.504287336024218,4.15,10.84,1.35,1.7000000000000002,2.9,10.100000000000001,6.22,12.7
187,A,6.002895768025078,2.62,11.52,1.33,2.4,2.9,9.399999999999999,8.59,20.9
188,B,3.5674715959980925,2.75358024691358,11.260315457413247,1.3,2.4,2.6,10.8,4.2023659305993695,23.7
189,C,3.3498062614067106,2.54,8.63,1.34,2.7,3,11.8,3.66,20.200000000000003
190,A,4.888357311965033,3.17,8.97,1.3,3.1,3.9,11.7,6.52,39.7
191,B,3.314077963607852,2.0011904761904757,8.127446808510639,1.32,2.3,4.1,11.5,4.410091185410334,16.200000000000003
192,C,4.914077319587628,3.82,10.55,1.32,1.8,3.4,11.0,6.23,25.1
193,A,,,,,0.0,,0.0,4.35,35.699999999999996
194,B,3.600443185604798,2.65,,,0.0,,0.0,4.35,35.699999999999996
195,C,2.6062765639030228,1.35,4.93,1.37,3.5,4.2,10.5,3.63,23.3
196,A,2.683973764409699,1.86,4.93,1.37,3.5,4.2,10.5,2.92,30.5
197,B,3.4534221146085553,2.55,10.3,1.33,2.4000000000000004,3.1,10.5,4.31,27.200000000000003
198,C,3.764961275626424,2.21,9.24,1.41,2.2,3.3,11.2,5.48,17.0
199,A,3.0047928854197563,1.5289243027888446,8.250046224961478,1.32,4.5,4.6,11.5,3.5282868525896416,30.7
200,B,4.485337350821221,3.21,8.03,1.28,3.3,3.9,11.5,4.83,25.200000000000003
201,C,4.9782544599935905,4.3,9.09,1.29,2.2,2.9,9.2,5.09,21.900000000000002
202,A,3.3093682262754425,2.31,7.01,1.51,3.6999999999999997,4.2,11.8,2.17,29.1
203,B,2.5650199244966445,2.31,8.17,1.29,2.0,2.7,11.0,2.74,26.3
204,C,3.704059684684685,2.49,7.56,1.29,2.1,2.8,9.6,4.68,28.099999999999998
205,A,,2.23,7.54,0,2.5,2.9,11.2,4.57,15.9
206,B,,,,,0.0,,0.0,,0.0
207,C,,,,,0.0,,0.0,,0.0
208,A,3.6960492125984254,2.48,7.89,1.32,3.6999999999999997,4.5,11.6,4.15,31.7
209,B,4.232140190792203,2.86,8.71,1.26,2.5999999999999996,3,11.1,4.48,40.0
210,C,4.7992915678240236,3.18,9.29,1.32,2.1,2.9,9.4,5.21,31.1
211,A,4.007035938797297,1.53,8.11,1.37,3.6999999999999997,4.1,11.8,5.32,27.2
212,B,4.731057213930348,3.3,9.63,1.36,3.0,5.1,12.4,5.52,23.1
213,C,4.183799614252361,1.59,9.59,1.31,2.7,3.3,11.1,4.72,13.2
214,A,4.890223690899847,2.47,9.66,1.25,2.4,3.2,9.1,5.02,14.4
215,B,4.072951971326164,3.51,9.37,1.33,2.2,2.6,11.0,3.78,17.5
216,C,4.063068965517242,2.58,9.73,1.26,3.2,3.8,11.100000000000001,4.14,22.8
217,A,4.039089952041174,2.6,8.58,1.31,2.3,2.6,11.6,4.22,11.1
218,B,4.041773541305604,1.86,9.32,1.36,1.6,2.7,9.9,5.28,35.1
219,C,4.01551606449335,2.3,10.26,1.33,2.5,3.1,9.8,4.56,20.2
220,A,5.314893970893971,2.98,10.15,1.23,1.8,2.7,10.5,6.3,23.2
221,B,5.038368029739777,3.09,9.75,1.34,1.6,2.6,8.3,5.23,17.6
222,C,5.491132682828688,3.02,9.62,1.31,2.5,2.9,10.5,5.97,19.3
223,A,4.6089143612917445,3.11,7.71,1.48,2.9,3.7,11.8,4.56,15.8
224,B,3.906949173300674,2.28,8.38,1.41,2.8,4.5,12.1,4.15,14.6
225,C,5.636661918811679,4.22,8.27,1.25,4.2,4.6,11.2,5.71,6.1
226,A,4.981866265699628,2.52,8.0,1.44,2.4,3.2,10.0,6.93,18.3
227,B,3.778755995203837,2.08,9.42,1.44,5.6,4.3,10.7,5.19,12.8
228,C,3.7756937646307724,2.17,8.88,1.36,5.6,3.5,10.8,4.29,11.3
229,A,5.159809885931559,3.48,9.81,1.29,2.1,3,10.8,4.68,21.1
230,B,4.0208437146092875,2.96,8.91,1.39,2.5,3.4,13.5,3.88,13.1
231,C,4.5854089177683175,2.72,9.16,1.3,2.8,3.9,11.1,5.48,18.200000000000003
232,A,4.358685169940021,2.84,7.77,1.35,2.9000000000000004,3.8,11.3,4.18,23.2
233,B,4.472777700926822,2.61,8.93,1.27,2.1,2.9,9.6,4.83,14.3
234,C,6.0136272251308895,3.19,10.95,1.27,2.8000000000000003,3.3,9.7,7.15,20.0
235,A,5.901502782931354,2.82,9.48,1.2,2.5999999999999996,3.2,11.2,7.82,30.8
236,B,4.572344861021332,2.23,8.4,1.34,2.6,3.1,9.3,4.6,32.5
237,C,3.075043665188768,1.43,8.67,1.32,3.1999999999999997,3.9,10.5,3.74,21.2
238,A,3.92689381933439,2.17,8.68,1.39,2.3000000000000003,0.9,2.0,4.53,14.4
239,B,3.5591064681040225,2.07,8.96,1.41,3.0,2.6,9.2,4.55,10.4
240,C,3.970035583231402,2.73,9.49,1.26,3.1999999999999997,2.9,6.4,4.17,18.3
241,A,4.098010084860411,2.41,9.53,1.28,2.8000000000000003,3,9.899999999999999,4.5,15.7
242,B,5.862249348958333,4.18,10.54,1.23,3.4000000000000004,3.3,10.0,6.03,15.9
243,C,4.423294725090706,3.35,10.68,1.32,2.4,2.9,10.7,5.27,16.6
244,A,5.140216872264226,3.27,8.95,1.29,1.7000000000000002,2.8,9.6,5.25,29.4
245,B,4.640983333333334,2.83,7.36,1.31,2.8,3.6,11.100000000000001,4.47,28.0
246,C,4.652977123158884,4.15,10.25,1.26,1.9,1.9,16.9,5.22,10.5
247,A,4.430154111228104,2.24,8.36,1.31,2.3,2.9,10.4,4.08,12.2
248,B,4.140863630565123,2.73,6.76,1.38,2.4000000000000004,3,9.399999999999999,4.46,12.6
249,C,3.82280105286247,2.96,8.15,1.26,2.4,3.5,11.2,4.19,14.5
250,A,3.9957051974552877,3.1,7.98,1.3,2.8,2.8,10.2,3.93,26.1
251,B,3.97854134762634,2.65,8.79,1.29,3.1999999999999997,3.2,10.399999999999999,4.21,19.8
252,C,3.8899824797843663,3.49,8.12,1.3,2.1,3.1,11.9,4.02,21.6
253,A,4.837338576212249,3.218418972332016,8.134658385093168,1.29,1.7000000000000002,2.9,10.100000000000001,4.785093167701863,25.6
254,B,4.934531673026032,3.3253754940711464,8.813898305084745,1.39,2.5,3.6,10.8,5.145876923076923,17.7
255,C,3.4690674790799263,2.214,7.327173913043477,1.51,2.2,3.8,11.6,3.62112,15.2
256,A,5.3166500349266546,2.27,9.41,1.45,2.5,3.6,11.8,7.2,30.4
257,B,3.1741673013455194,1.91,6.7,1.32,2.8,3.9,10.1,3.6,17.8
258,C,3.183896486429623,2.22,6.92,1.31,2.2,2.9,11.5,4.02,25.5
259,A,4.24143848194246,2.68,6.38,1.29,3.0,4.2,9.6,3.69,15.8
260,B,4.848982658959537,2.8,7.46,1.41,3.3,4.8,9.4,4.41,18.6
261,C,4.6138933333333325,2.67,7.1,1.31,2.1,2.9,9.100000000000001,4.3,17.6
262,A,,,,,0.0,,0.0,,
263,B,,,,,0.0,,0.0,,
264,C,,,,,0.0,,0.0,,
265,A,5.313653615181359,3.11,7.96,1.25,3.5,4.9,9.899999999999999,4.58,12.7
266,B,5.731779766625127,3.8,7.43,1.26,0.7,1.3,4.7,6.57,16.0
267,C,4.345676917638742,2.83,7.48,1.36,2.6,3.4,11.1,4.29,17.1
268,A,4.367690884420871,3.4,8.51,1.32,2.6,2.9,11.3,4.24,18.8
269,B,3.4627910930922803,2.3604048582995953,7.6186708860759484,1.38,2.0,3,10.100000000000001,4.144556962025316,10.7
270,C,3.626413936046312,2.755581395348837,7.468956127080181,1.39,1.9,2.8,10.1,3.8044186046511625,18.6
271,A,4.248125348967058,2.61,9.15,1.49,2.8,3.2,12.2,4.48,23.700000000000003
272,B,4.410285105249134,3.32,8.99,1.27,2.1,3.1,11.100000000000001,4.57,9.8
273,C,4.650490218642117,4.2,7.5,1.37,2.7,3.9,11.399999999999999,4.48,15.1
274,A,4.453924065152557,3.57,6.53,1.32,2.4,2.9,11.5,4.51,22.599999999999998
275,B,4.147132743362832,3.2,7.22,0,1.5,1.6,8.3,3.51,11.6
276,C,4.418612789239713,3.0,10.48,1.26,1.9,2.4,9.5,3.79,33.3
277,A,4.98957512045554,3.57,8.21,1.39,2.8,2.2,11.2,5.43,25.099999999999998
278,B,5.57843516058923,3.42,10.13,1.29,2.3,2.8,10.0,6.55,14.3
279,C,5.270866602789312,3.5,9.13,1.33,2.6,3,10.899999999999999,5.16,17.5
280,A,5.268308029689608,3.57,8.25,1.35,2.6,3.2,11.2,6.11,7.6
281,B,5.791390457643622,3.07,8.8,1.33,2.1,2.9,8.6,6.67,19.0
282,C,5.0882612469260815,4.28,9.83,1.31,2.8,3.1,10.5,4.33,17.6
283,A,3.585789363484087,2.97,7.2,1.31,2.5999999999999996,2.9,11.600000000000001,3.51,16.8
284,B,3.3543200712589076,1.79,8.58,1.28,2.6,3.1,9.1,3.82,21.1
285,C,3.9237798109682385,2.5916049382716047,8.18,1.32,3.1999999999999997,3.9,9.7,4.01,14.7
286,A,4.102758354472262,3.27,9.53,1.32,2.0,3.2,11.100000000000001,3.77,9.0
287,B,3.732090145148969,1.77,9.05,1.32,2.8,3.6,10.7,4,12.7
288,C,3.5413057406458224,2.27,8.96,1.33,2.1,2.5,8.899999999999999,3.25,15.899999999999999
289,A,4.091728630798607,3.3,8.27,1.37,2.8,4.1,11.100000000000001,4.11,30.7
290,B,3.623502418797512,2.22,8.23,1.32,1.8,2.9,9.6,3.51,14.8
291,C,4.587605677904186,3.62,8.71,1.35,3.0,3,9.6,4.15,20.6
292,A,4.00233422340899,2.58,8.63,1.48,2.5,3.5,10.2,5.15,20.8
293,B,4.049747899159664,2.88,8.75,1.37,2.0,2.5,9.600000000000001,3.7,11.0
294,C,3.7457759281568284,2.28,8.58,1.34,2.3,2.9,10.399999999999999,3.9,12.2
295,A,3.923832407104718,2.23,8.21,1.38,3.1999999999999997,4,10.7,4.37,18.0
296,B,4.160316793893129,2.34,8.85,1.41,2.8,3.4,11.1,4.6,6.6
297,C,4.407217525773195,3.42,9.1,1.52,3.8,3.2,9.5,4.35,8.9
298,A,3.794830868948755,2.72,6.74,1.44,2.1,3.5,11.399999999999999,3.71,27.6
299,B,3.979233964569334,2.38,7.36,1.4,2.5,2.5,11.2,3.95,26.1
300,C,3.8756311895276037,2.08,10.23,1.43,2.7,2.9,9.9,3.51,24.7
301,A,3.782972635403656,3.0,7.7,1.46,2.5,2.4,11.1,3.18,8.1
302,B,3.4689001636661203,2.4,8.34,1.47,3.0,3.2,9.5,3.69,15.0
303,C,4.797210218455294,3.76,9.02,1.35,3.2,3.1,10.6,4.96,14.0
304,A,4.200285182000574,2.68,8.15,1.38,2.9000000000000004,3.4,13.0,4.78,22.4
305,B,4.710659494855005,2.93,8.69,1.46,3.5,3.9,11.100000000000001,3.71,20.3
306,C,4.782404761904761,1.95,8.59,1.38,3.5,4.1,12.2,3.63,23.4
307,A,3.815527219735609,1.99,8.77,1.42,2.2,3,10.6,3.23,9.8
308,B,3.6673901744833564,2.36,7.34,1.29,3.1999999999999997,3.6,10.0,4.35,20.7
309,C,3.4322059145673602,2.3,8.12,1.29,2.3,3.1,11.2,3.38,29.1
310,A,3.570648528595225,1.76,8.21,1.36,2.3,2.9,10.4,3.77,32.6
311,B,3.904943552234059,2.56,8.12,1.26,2.8,2.6,11.100000000000001,4.1,17.6
312,C,2.8949280519882405,2.12,7.73,1.27,2.8,3.3,11.8,3.33,25.4
313,A,,1.28,7.92,,1.0,1.3,4.1,3.01,18.4
314,B,,,,,0.0,,0.0,,
315,C,,,,,0.0,,0.0,,
316,A,,,,,0.0,,0.0,,
317,B,3.9486820973075107,2.6,8.44,,1.0,1.6,9.5,3.56,22.1
318,C,2.3531153685964177,1.93,6.41,1.25,2.7,3.4,11.1,2.43,21.2
319,A,3.3597272047832587,1.81,8.47,1.35,2.5,3.3,13.399999999999999,3.3,19.6
320,B,4.373281393217232,3.41,7.13,1.39,2.8,3.5,12.4,4.65,10.0
321,C,4.125804615543827,2.67,6.96,1.4,2.6,2.8,12.1,4.47,21.3
322,A,4.30395910481404,3.01,8.88,1.4,2.7,3.2,10.8,4.95,20.8
323,B,4.05404181184669,3.13,9.42,1.29,2.0,3.8,12.2,3.86,26.8
324,C,4.148182373792935,2.56,8.31,1.27,1.7,2.8,9.6,3.49,21.4
325,A,4.693223417794747,2.52,8.37,1.26,2.6,3.1,11.0,3.34,6.9
326,B,4.635867576110464,3.76,9.11,1.33,2.2,2.9,10.6,3.89,13.4
327,C,4.346467839134178,3.01,9.42,1.37,2.1,2.4,8.7,3.95,13.2
328,A,4.302445520581114,2.63,8.78,1.35,2.5,2.6,10.8,4.25,15.8
329,B,4.892293687255402,2.73,8.58,1.23,0.30000000000000004,0.2,0.8999999999999999,4.25,17.3
330,C,4.844990111248456,2.93,8.08,1.26,2.5,2.2,8.1,4.23,14.3
331,A,4.824490337248958,2.79,8.85,1.49,2.0,2.6,8.1,3.81,18.3
332,B,5.3027226890756305,3.26,7.96,1.52,2.3,3,8.2,4.8,20.7
333,C,3.313258097165992,1.67,7.52,1.42,2.1,2.9,10.3,3.12,17.1
334,A,3.6122707319966785,2.33,7.71,1.41,2.6,3.1,9.5,2.99,21.4
335,B,3.8605008967460925,2.41,9.24,1.43,2.4,2.9,11.0,3.75,23.9
336,C,4.027396699669967,2.45,7.91,1.41,2.5,3.2,11.7,3.68,13.9
337,A,4.276022835394862,2.83,8.14,1.35,2.5,3.1,10.7,3,20.7
338,B,3.848060266505148,2.19,8.72,1.34,2.7,2.7,10.3,3.53,17.2
339,C,4.327873074022197,2.84,7.98,1.37,1.9,2.5,8.9,4.03,13.3
340,A,4.532658109926508,3.4,7.68,1.43,2.5,3,9.6,4.01,14.4
341,B,3.457370299203953,2.2,9.0,1.23,1.9,2.8,10.100000000000001,4.12,18.8
342,C,3.7134648325979756,2.07,7.89,1.3,2.2,3,9.2,4.12,22.1
343,A,3.82221285696314,2.49,7.53,1.28,2.0,3.2,9.7,3.75,14.2
344,B,3.258394900294214,2.37,8.6,1.32,3.1999999999999997,3.3,10.2,2.86,15.0
345,C,3.4254503816793895,2.61,9.36,1.28,2.4000000000000004,3,9.5,3.45,18.8
346,A,3.2597458466277915,1.98,7.94,1.28,3.3,3.4,10.100000000000001,3.55,13.5
347,B,4.04755659232022,2.489402390438247,7.4732812499999985,1.38,2.5999999999999996,3.3,11.7,4.443843749999999,15.1
348,C,3.7216528186033635,2.6730708661417317,7.76,1.32,3.1999999999999997,3.9,10.399999999999999,3.622204724409449,12.5
349,A,3.772420197975754,2.38,7.65,1.31,2.8,3.4,11.2,3.85,20.0
350,B,3.568322469982847,2.64,7.59,1.3,2.9,3,10.399999999999999,3.57,8.1
351,C,3.766435422708008,2.16,7.63,1.29,3.5,3.6,10.8,3.53,18.2
352,A,3.952238169993272,2.58,8.01,1.2,2.0,3,8.8,3.83,14.2
353,B,4.1258167233835685,2.64,7.53,1.39,2.7,2.6,10.4,4.33,16.5
354,C,3.9727748351529564,2.18,7.59,1.42,2.2,2.8,9.2,4.66,15.9
355,A,3.6728365511769376,2.29,8.43,1.35,2.5,2.4,11.2,3.75,21.1
356,B,3.3615327681334946,2.05,7.5,1.43,2.5,2.6,10.7,2.97,22.4
357,C,4.022271182008368,2.45,7.5,1.31,2.3,2.3,10.100000000000001,3.89,17.5
358,A,3.1483560497369676,2.01,6.74,1.38,2.7,3.3,10.600000000000001,2.9,17.3
359,B,3.619992319508448,2.09,7.59,1.3,1.8,2.9,9.6,3.3,14.600000000000001
360,C,3.442166762507188,1.73,10.29,1.32,2.7,3.5,10.4,2.5,13.6
361,A,3.769858241230178,1.97,9.63,1.23,2.3,2.9,9.6,2.79,11.4
362,B,3.800744122586062,1.63,8.08,1.42,2.7,3.4,11.399999999999999,3.47,15.200000000000001
363,C,3.969929389975692,1.58,10.89,1.48,2.8,3.8,10.8,3.57,13.7
364,A,4.412586835074083,2.77,10.37,1.42,2.4000000000000004,3.4,10.8,3.36,20.9
365,B,3.401855220080029,2.97,8.55,1.38,2.7,3.9,10.8,3.51,21.3
366,C,4.238100673910053,2.73,11.08,1.33,2.7,3.5,10.4,3.49,11.600000000000001
367,A,4.225650157670191,1.82,9.74,1.5,2.1,2.8,7.3,3.27,21.5
368,B,3.5300306584910697,2.04,6.74,1.37,2.4,2.9,9.1,3.13,14.399999999999999
369,C,5.553052854122622,4.06,11.08,1.28,2.7,3.1,10.6,4.28,16.0
370,A,5.211551834334655,3.79,9.29,1.35,1.8,2.8,9.6,4.35,16.599999999999998
371,B,2.5616379310344826,2.38,9.1,0,1.7000000000000002,3,9.7,2.87,10.8
372,C,3.7267805755395678,3.4,6.98,1.4,2.3,3,9.899999999999999,3.54,18.0
373,A,3.923352826510721,2.19,8.7,1.44,2.0,2.7,9.0,4.05,10.5
374,B,3.8888343558282203,3.64,9.16,0,2.5,3.2,9.2,2.94,19.8
375,C,3.909398305084745,3.28,9.16,0,2.5,3.2,9.2,2.65,17.9
376,A,3.8265647764605055,2.37,6.38,1.4,2.7,3,10.2,3.82,17.0
377,B,4.5689372599231755,3.32,6.49,1.42,2.7,3.6,10.5,4.7,17.599999999999998
378,C,4.439398598236492,2.81,9.5,1.39,2.0,3,11.399999999999999,3.37,21.1
379,A,4.5305831363278175,3.36,6.34,1.37,1.5,2.7,10.0,4.56,13.2
380,B,4.364063089307302,2.1888979591836732,9.430334928229666,1.41,1.7,2.1,10.0,4.658851674641149,12.8
381,C,4.904276849933962,3.065390625,9.492147239263804,1.24,2.2,2.2,9.899999999999999,4.755920245398774,16.2
382,A,4.375373058744091,3.1,6.86,1.38,2.4,3.1,10.899999999999999,4.27,11.799999999999999
383,B,3.458750290360047,1.45,7.56,1.37,3.0,3.3,10.0,3.54,14.0
384,C,3.652405413718856,2.45,7.2,1.45,2.3,3,11.5,3.3,19.6
385,A,3.256439501275149,1.92,5.97,1.24,3.8,3.3,9.399999999999999,3.12,15.8
386,B,4.213338762214983,2.84,8.1,1.45,3.6999999999999997,3.4,10.399999999999999,3.76,11.9
387,C,3.7412354671522623,2.09,7.37,1.4,2.5999999999999996,2.6,10.7,3.74,17.9
388,A,3.608557631211082,2.25,6.92,1.33,2.4,3.4,10.7,3.25,17.4
389,B,3.3233305932319492,1.68,7.52,1.42,2.7,2.6,10.7,2.77,16.2
390,C,3.4507123888696456,1.83,7.32,1.35,1.9,2.1,10.0,3.07,19.8
391,A,3.172688093498904,1.88,6.49,1.37,2.0,2.1,9.1,2.95,17.0
392,B,3.5300000000000002,1.85,6.89,1.42,2.0999999999999996,4.3,10.9,3.39,10.1
393,C,3.5591142243814256,2.73,7.18,1.38,1.9,2.2,8.7,2.94,12.0
394,A,4.00059450122355,1.76,7.07,1.42,2.4000000000000004,2.6,9.3,3.04,15.0
395,B,3.351820413889863,2.36,8.19,1.33,2.2,2.9,9.4,2.98,18.7
396,C,3.206612208853074,1.44,8.06,1.38,1.9,2.9,9.2,3.34,3.7
397,A,3.349001694094869,2.07,7.14,1.49,2.5,2.6,9.8,3.1,16.0
398,B,4.36499426473962,3.31,6.94,1.46,2.2,3.2,11.0,4.78,13.200000000000001
399,C,4.316126703731601,3.230602409638554,7.026614173228347,1.39,1.7,2.6,9.2,4.8023622047244094,12.3
400,A,3.4592460041695627,2.27,7.3,1.49,2.3,3.2,8.899999999999999,3.79,18.0
401,B,2.4648850235849054,2.5,8.2,1.22,2.6,2.8,10.3,1.63,16.9
402,C,3.8026882502728268,1.7,8.07,1.29,1.9,2.5,8.4,4.55,15.0
403,A,4.186100989653622,2.15,8.2,1.34,2.4000000000000004,2.7,10.399999999999999,4.42,14.5
404,B,3.8408144589338824,1.59,8.23,1.3,2.2,3.3,10.399999999999999,3.69,18.1
405,C,3.616744667303407,2.24,7.45,1.29,1.8,2.5,10.5,4.03,15.5
406,A,3.0035409678965017,2.45,8.25,1.31,2.1,3.1,11.7,3.63,12.1
407,B,4.197062937062937,2.56,8.41,1.34,2.5999999999999996,3.6,10.0,4.26,7.8
408,C,3.3567696739557418,1.6,8.11,1.29,2.4000000000000004,3.2,10.4,3.37,15.9
409,A,2.884030150753769,2.69,4.16,1.43,2.5,3.2,10.9,2.57,15.0
410,B,4.736395859917766,3.32,7.7,1.52,1.7999999999999998,2.9,9.2,4.95,12.9
411,C,4.102041759642971,2.29,6.38,1.49,2.5,2.8,8.4,4.37,16.0
412,A,4.277842323651452,2.03,9.35,1.41,1.3,2.6,9.899999999999999,4.69,16.8
413,B,4.115331055104655,2.52,7.1,1.35,2.0,2.6,10.5,4.47,13.3
414,C,3.796467136150235,2.5,6.29,1.4,1.7999999999999998,2.8,9.6,3.93,20.1
415,A,3.9887393021724815,2.56,6.57,1.27,2.4,2.6,10.2,3.58,12.6
416,B,4.748415603900975,2.63,7.67,1.32,2.5,3.5,9.8,4.07,17.6
417,C,4.731698488162425,2.99136,7.039387442572741,1.22,2.0,3.7,9.1,4.414364471669219,17.4
418,A,3.2261033541967583,2.19,7.19,1.24,2.4,3.3,11.600000000000001,4.42,17.4
419,B,3.488082146886713,2.315294117647059,7.493343749999998,1.29,2.7,3.1,9.6,3.7527058823529416,12.6
420,C,3.832079636019083,2.84376,6.944283513097072,1.22,2.4,2.9,10.2,3.41448,14.7
421,A,3.3851463576563963,2.332589641434263,5.960030487804879,1.27,2.0,3,11.6,3.7635059760956175,14.1
422,B,3.0050722424396725,1.7954032258064516,6.697407407407407,1.43,2.4,3.1,10.4,3.0254032258064516,13.7
423,C,2.963252919145186,1.64,7.68,1.49,2.8,3.3,10.7,2.62,13.8
424,A,3.0334144447320734,1.81,9.34,1.39,2.5,2.9,10.8,2.98,20.5
425,B,3.0753573939535976,2.25,6.56,1.39,1.9,2.6,9.6,2.87,10.7
426,C,4.079526120832801,2.19,11.24,1.5,2.7,3.3,9.2,3.83,12.8
427,A,3.6437758560243076,2.81,8.75,1.43,2.2,2.8,11.399999999999999,3.02,13.8
428,B,2.840465604026846,2.08,4.69,1.42,2.5,3,11.3,2.83,15.3
429,C,2.881650758688204,1.6,6.71,1.35,2.4,2.9,10.7,3.09,13.5
430,A,4.396598919840819,4.71,8.46,1.51,2.1,2.9,9.4,3.75,12.8
431,B,3.938643861781559,3.15,6.73,1.37,2.4000000000000004,2.6,9.600000000000001,4.44,12.6
432,C,3.450326522013903,2.82,8.03,1.28,2.8,3,9.3,3.47,16.3
433,A,3.674104395604396,3.02,7.82,1.48,1.2,1.4,4.5,3.39,11.9
434,B,3.960598015208146,2.76,8.06,1.51,1.7999999999999998,1.9,8.1,4.17,14.7
435,C,4.3497251208959025,3.58,9.86,1.41,2.0,2.8,8.7,3.79,16.8
436,A,4.342130555094361,3.7623529411764705,8.020030959752322,1.49,2.2,2.4,9.5,3.2896470588235296,14.7
437,B,4.597000010299472,2.8785062240663897,10.047351524879614,1.42,2.5,2.9,10.899999999999999,4.235345104333868,17.4
438,C,4.559572534383856,4.151203703703704,4.517777777777777,1.37,1.9,2.7,10.0,4.8348148148148145,18.0
439,A,,3.24,8.47,,1.7000000000000002,2.9,10.8,4.51,12.2
440,B,,,,,0.0,,0.0,,
441,C,,,,,0.0,,0.0,,
442,A,4.99186123805567,2.59,8.309999999999999,1.4,2.9000000000000004,2.9,10.7,4.09,6.1
443,B,4.543813766596785,3.72,7.26,1.49,2.9000000000000004,2.9,10.7,4.43,13.3
444,C,4.404234984047718,3.4,9.36,1.33,1.4,2.8,9.4,4.08,16.5
445,A,4.560981406402908,3.34,8.71,1.38,1.9,2.2,8.5,4.83,18.1
446,B,3.839070481507327,2.71,7.08,1.28,2.4000000000000004,2.6,8.8,3.9,16.5
447,C,3.682662280701754,2.37,8.62,1.24,1.5,2.9,10.2,3.53,16.5
448,A,4.7014321758981135,3.48,9.53,1.35,2.5,3.1,9.100000000000001,3.69,13.299999999999999
449,B,4.487453732455595,4.2,8.29,1.24,2.5,2.6,10.7,3.46,16.1
450,C,5.497016352201258,4.06,8.63,1.42,1.6,1.9,8.3,6.23,12.5
451,A,5.472604637157482,3.93,10.33,1.29,2.4,2.4,9.7,5.08,11.3
452,B,4.5106690975387425,2.9,8.7,1.3,2.5,3,10.4,4.41,15.0
453,C,4.192757802746566,2.09,8.94,1.26,1.7999999999999998,2.2,9.2,4.5,15.899999999999999
454,A,3.822889077876322,2.45,7.61,1.22,2.4000000000000004,3.3,10.6,3.62,16.3
455,B,3.126366848699004,1.92,6.88,1.72,2.2,2.9,9.4,3.17,15.6
456,C,3.8612111129595736,2.67,7.95,1.33,2.5,3.3,10.0,3.71,9.0
457,A,3.7079630732578917,1.81,7.22,1.31,2.5,2.6,9.399999999999999,3.95,12.3
458,B,3.716392835083385,2.45,7.57,1.3,2.5,2.3,10.600000000000001,3.58,16.5
459,C,4.393425497454882,3.08,7.49,1.36,2.6,2.9,10.5,4.36,14.7
460,A,3.899272952853598,2.01,6.43,1.38,2.5,3.2,11.2,4.31,12.7
461,B,3.408797936131641,2.31,6.87,1.43,2.5,2.5,10.600000000000001,2.8,16.6
462,C,3.4347947005365156,2.11,7.14,1.34,2.2,4.1,10.3,3.16,9.6
463,A,4.239691640568538,2.99,7.86,1.28,3.1,2.9,9.1,3.42,11.6
464,B,4.65015269929061,2.72,8.7,1.33,2.5999999999999996,3.2,10.2,4.21,11.3
465,C,3.9437819664902998,2.14,8.07,1.32,2.1,2.7,8.4,3.69,12.8
466,A,3.380582870172439,2.36,7.57,1.28,3.5,2.6,9.4,3.01,12.3
467,B,3.9195928253469488,1.99,7.71,1.32,2.5,3.1,10.7,3.76,14.7
468,C,4.774542161692263,3.65,9.24,1.41,2.5,3.3,9.8,5.34,16.9
469,A,4.550887141433161,3.36,8.36,1.32,2.3,2.3,8.2,4.2,9.1
470,B,4.198721491816475,2.25,9.42,1.39,1.9,2.8,9.4,3.93,8.7
471,C,4.3891801675977655,2.75,8.21,1.27,2.8,3.1,9.1,4.68,10.1
472,A,4.374932735426009,2.32,8.89,1.42,2.4,2.6,9.7,4.34,17.6
473,B,4.007899686520377,2.33,8.28,1.35,1.7000000000000002,2.5,8.4,3.83,15.299999999999999
474,C,4.285136436597111,2.4,9.83,1.49,2.3,3,10.4,3.62,13.200000000000001
475,A,4.013165532879818,2.64,8.71,1.33,2.2,2.3,9.7,3.31,14.9
476,B,3.3774104794659117,1.37,9.13,1.44,2.4,2.8,10.899999999999999,3.04,11.3
477,C,3.9504414682539677,2.58,8.82,1.42,2.7,3.1,10.5,3.62,13.899999999999999
478,A,3.979926576446876,1.7,9.2,1.32,2.1,2.9,10.3,3.87,13.2
479,B,4.299082082965578,2.9,8.93,1.48,2.3,3.1,9.0,3.43,10.2
480,C,4.074998350016499,2.88,8.72,1.41,2.7,3.3,9.5,3.33,20.7
481,A,3.562211802950738,2.58,8.66,1.26,2.1,3.2,9.899999999999999,2.09,16.5
482,B,4.150244565217391,2.64,9.26,1.33,2.4,2.7,8.899999999999999,3.52,11.2
483,C,3.3785710805213793,1.65,6.98,1.23,2.8,3.2,9.899999999999999,2.82,23.4
484,A,4.061640186357663,2.43,7.68,1.38,2.1,2.9,10.5,3.42,12.9
485,B,4.869920278301203,3.51,8.08,1.38,2.4,2.7,10.5,4.82,15.600000000000001
486,C,5.81446675900277,3.42,8.4,1.49,2.8,3.3,8.8,6.99,9.8
487,A,5.1700187289299535,3.18,9.01,1.38,2.2,2.9,10.3,5.65,16.4
488,B,5.966719014626635,3.53,8.94,1.27,2.4000000000000004,3.4,10.399999999999999,5.69,17.1
489,C,5.634794330183435,3.88,8.34,1.31,2.5999999999999996,3.1,9.9,4.92,19.0
490,A,4.754723090386299,2.6,7.99,1.31,2.0,2.6,10.0,4.09,15.6
491,B,3.2278273191006988,1.87,8.17,1.27,2.5,2.9,11.2,2.89,17.3
492,C,4.003253131588739,2.38,8.6,1.28,2.4,3.3,10.3,4.17,15.899999999999999
493,A,4.121263520157326,2.74,8.59,1.31,2.5,2.6,10.2,3.82,19.8
494,B,3.7130377498149523,2.72,8.8,1.48,2.8,2.8,10.399999999999999,3.57,12.8
495,C,3.6466506504160323,2.45,8.75,1.36,2.2,2.3,11.8,3.65,15.1
496,A,4.347445891994117,3.09,9.34,1.34,1.7999999999999998,2.3,9.3,3.55,12.5
497,B,3.687955163043479,2.58,8.81,1.32,1.9000000000000001,2.5,9.2,3.87,14.6
498,C,4.080851324828264,3.11,10.09,1.25,2.6,3.1,10.2,3.43,16.9
499,A,3.7922441538848384,2.06,9.46,1.28,2.3,2.9,9.7,4.21,15.5
500,B,3.315832089552239,2.04,9.97,1.32,2.8,3.2,10.5,2.49,16.4
501,C,4.208306795564401,2.8,9.11,1.3,2.1,3.3,12.100000000000001,4.16,12.6
502,A,,,,,0.0,,0.0,,
503,B,,,,,0.0,,0.0,,
504,C,,,,,0.0,,0.0,,
505,A,3.3334911591355594,2.08,7.78,1.42,2.2,2.5,10.6,3.26,25.0
506,B,4.726532435404068,3.73,8.42,,2.1,2.2,10.5,3.62,23.3
507,C,3.661014669926651,3.06,7.53,1.27,2.5,3.1,10.7,3.83,18.8
508,A,4.636701908200102,2.77,7.96,1.34,1.6,2.1,8.899999999999999,4.47,13.4
509,B,3.8890915208613728,1.83,7.72,1.39,2.2,3,8.899999999999999,3.78,16.5
510,C,3.7206645174708823,2.43,7.65,1.28,1.7,3,10.5,3.75,14.5
511,A,3.8143970345963756,2.28,7.83,1.28,2.5,3.2,9.5,4.08,17.3
512,B,4.848426312460468,3.49,8.62,1.42,2.8,3.6,10.9,5.22,16.0
513,C,4.806394096099979,3.02,8.23,1.33,2.1,3.1,10.8,5.51,17.0
514,A,4.793572083428833,2.75,7.19,,1.9,3.1,9.899999999999999,4.88,16.7
515,B,3.425174686882004,2.53,6.16,1.51,2.2,3.9,10.899999999999999,3.54,15.5
516,C,4.103756103515625,2.9,8.3,1.38,2.5,3.1,11.5,4.18,15.399999999999999
517,A,4.876918906448263,2.26,9.75,1.4,1.7999999999999998,2.3,8.8,5.32,23.4
518,B,2.835351141749246,1.63,7.95,1.47,2.0,2.4,9.0,4.22,25.0
519,C,4.813398490659409,2.72,8.34,1.37,2.3,2.6,10.899999999999999,6.16,13.7
520,A,6.091794187842202,3.95,10.64,1.36,2.4,2.9,9.2,5.79,21.6
521,B,4.660962099125364,2.88,9.37,1.38,2.6,3.8,10.6,4.94,22.2
522,C,4.846758291685598,2.89,8.67,1.4,2.5,3.2,10.3,5.09,24.1
523,A,5.147385530502144,3.9,8.24,1.32,1.8,2.6,8.1,4.85,16.8
524,B,3.549771689497717,2.65,7.5,1.23,1.9000000000000001,2.1,8.1,3.3,6.300000000000001
525,C,4.816001962562699,3.218418972332016,8.081879815100153,1.29,2.6,3.5,11.899999999999999,5.3615408320493065,15.5
526,A,4.70039475376109,3.42,8.92,1.22,1.8,2.3,9.399999999999999,4.23,8.6
527,B,5.2768587853773585,3.1,9.45,1.26,2.7,2.7,8.7,6.16,7.0
528,C,3.834843663068877,1.89,7.77,1.38,1.7000000000000002,2.8,9.3,3.88,11.1
529,A,3.7746134115060457,2.26,8.62,1.25,2.8,2.9,10.2,3.2,11.9
530,B,3.561201224177505,2.45,8.04,1.26,1.8,2.2,8.7,3.51,9.0
531,C,4.598985810306199,3.21,8.18,1.34,2.5999999999999996,3.4,11.5,3.79,5.6000000000000005
532,A,4.110788367203925,3.16,8.01,1.25,2.4,3.1,11.1,3.39,5.8999999999999995
533,B,3.8450054593667136,2.06,8.39,1.43,1.9,2.6,9.8,3.17,8.8
534,C,3.9806337480559875,2.37,9.72,1.31,2.8,2.8,10.3,3.01,15.700000000000001
535,A,3.8615019200682688,2.33,8.29,1.27,2.3,3.1,10.3,3.14,7.4
536,B,3.4163142594859246,2.1,8.91,1.36,4.6,1.9,5.6,3.16,9.4
537,C,3.6559816219369896,1.69,10.16,1.29,3.8,3,9.8,2.93,10.2
538,A,3.319020379805466,1.19,8.94,1.32,1.9,2,9.8,3.04,10.9
539,B,3.103538816841357,1.59,10.11,1.37,1.7000000000000002,2.9,10.3,3.15,10.799999999999999
540,C,3.7055591096894576,2.05,8.72,1.38,1.8,3,9.8,3.5,10.0
541,A,3.4058458149779733,1.62,7.97,1.22,1.6,2.6,9.8,3.89,3.9
542,B,5.997707233556856,4.31,9.02,1.38,1.6,2.5,8.1,6.21,6.1000000000000005
543,C,5.541275159976731,3.85,9.22,1.32,1.7999999999999998,2.9,9.8,5.72,9.1
544,A,4.568493710353725,2.0,7.96,1.36,2.3,2.2,10.3,4.01,8.9
545,B,3.739946162128903,2.85,8.58,1.33,2.5,3,9.3,3.56,9.600000000000001
546,C,6.2948764705882345,6.06,8.86,1.31,2.7,3.3,9.9,5.52,11.6
547,A,4.6034322414900455,4.38,8.67,1.27,2.1,3.6,10.7,3.44,4.5
548,B,4.589142016188374,3.0,8.81,1.33,1.7000000000000002,2.5,9.3,4.66,5.3999999999999995
549,C,4.025139723557692,2.28,8.81,1.41,2.4,3.1,9.2,3.86,7.199999999999999
550,A,3.9808216880939065,2.76,9.11,1.36,2.2,2.2,9.8,4.1,11.0
551,B,3.2643831370117793,2.18,8.83,1.36,2.2,2.8,10.7,2.83,11.2
552,C,4.85990914990266,2.75,8.92,1.41,2.1,3.2,9.5,5.86,5.7
553,A,3.6953867505551448,2.46,8.51,1.36,1.6,2.3,8.5,3.37,8.5
554,B,,,8.76,,2.0,2.1,9.4,,
555,C,4.82407190412783,4.42,8.47,1.32,2.1,2.2,9.2,4.29,11.0
556,A,5.353154352149304,3.49,9.46,1.35,1.9,2.9,9.8,5.31,10.2
557,B,4.830612687511296,3.68,8.07,1.42,2.5,2.6,9.899999999999999,4.44,11.1
558,C,3.2760118768557582,1.61,9.36,1.4,1.7000000000000002,2.8,9.399999999999999,3.72,12.0
559,A,4.205782747603834,3.48,8.93,1.4,1.9,2.3,8.2,4.16,6.2
560,B,4.895124113475178,3.46,10.71,1.4,2.5,2.9,9.8,4.71,8.1
561,C,4.115077155122404,2.99,9.09,1.3,2.5,2.2,9.0,3.59,7.9
562,A,4.155078467411283,2.52,8.37,1.35,2.5,2.5,10.899999999999999,4.22,8.8
563,B,2.8785201373712144,1.62,7.52,1.38,2.2,2.3,9.100000000000001,2.84,9.4
564,C,3.42820178041543,1.8,8.65,1.34,2.8,3,10.9,3.26,8.8
565,A,4.566052278820376,3.09,8.76,0,2.0,2.4,10.0,5.03,7.9
566,B,,,,,0.0,,0.0,,
567,C,,,,,0.0,,0.0,,
568,A,4.991197854588796,2.38,7.6,1.36,1.7999999999999998,2.4,8.0,5.46,4.1
569,B,3.1672835729580915,1.6,7.54,1.4,2.0,2.9,9.1,3.48,7.0
570,C,3.054589466421343,1.48,7.34,1.24,2.4000000000000004,2.3,9.899999999999999,3.59,6.0
571,A,3.906550079491256,2.2,6.02,1.39,1.8,2.8,9.6,4.2,6.3
572,B,3.8982849965745605,2.29,6.6,1.24,2.5,3,9.8,4.07,7.6
573,C,3.879012738853503,2.29,6.73,1.28,2.8,2.7,8.8,4.42,8.5
574,A,4.524848605050907,2.97,6.68,1.38,2.1,2.4,9.0,4.96,7.6
575,B,3.9581696801112654,1.92,9.1,1.26,2.0,2.8,10.100000000000001,4.3,6.9
576,C,4.218479262672812,2.59,7.42,1.32,1.9,2.1,8.1,4.4,7.2
577,A,4.3487879538976335,2.59,6.94,1.41,2.3,2.6,9.7,5,7.1
578,B,4.2644483201762435,3.27,6.57,1.27,2.3,3,11.8,4.2,5.1
579,C,2.915053456878118,2.34,6.93,1.34,2.1,4.1,11.3,3.96,8.2
580,A,4.170308331511043,2.82,7.61,1.24,1.6,2.3,9.2,3.17,9.5
581,B,2.5850632911392406,2.23,7.94,,2.4,3.1,9.2,4.43,11.0
582,C,3.176037640425102,2.569112903225806,6.29574193548387,1.29,2.0,2.5,9.5,3.283306451612903,12.2
583,A,4.836388480392157,3.43,9.3,1.29,2.0,2.9,9.6,5.01,16.0
584,B,5.022689609908549,3.937983870967742,8.66597444089457,1.57,2.5,2.6,10.4,5.681597444089458,17.1
585,C,4.30806401797147,2.706,8.679839999999999,1.29,2.3,3.1,10.2,4.396415999999999,14.8
586,A,4.778141414141413,3.85,8.92,1.33,1.9,2.9,9.3,4.15,14.600000000000001
587,B,4.716181277860327,3.19,8.34,1.42,2.6,3.3,10.6,5.2,23.3
588,C,4.398189977561705,2.88,8.43,1.4,1.9,2.5,8.3,3.93,17.0
589,A,4.560080777483277,2.98,7.97,1.48,2.2,3.3,10.5,4.72,17.4
590,B,3.9318598524762907,2.09,7.75,1.41,2.4,2.5,10.3,4.33,16.1
591,C,3.5073172767378082,1.91,8.03,1.38,1.7,2.6,9.2,3.46,12.5
592,A,3.935333978702808,2.55,8.12,1.28,1.7,2.6,10.5,4.23,15.2
593,B,5.372296371849046,4.62,7.95,1.27,2.1,2.8,11.3,5.32,20.2
594,C,4.662976209232708,2.5,8.23,1.44,2.2,2.3,7.699999999999999,5.94,17.1
595,A,3.7809738186462325,2.05,9.0,1.46,2.3,2.8,8.2,4.21,9.899999999999999
596,B,4.087788804071247,3.32,8.26,1.31,2.0,2.4,9.6,4.03,13.899999999999999
597,C,4.200658834927941,3.35,8.69,1.36,2.3,2.3,9.9,4.33,10.8
598,A,3.977653520619485,2.53,8.71,1.32,2.4,3.3,11.100000000000001,4.46,15.6
599,B,4.352116169032469,2.84,8.68,1.43,2.5,3.1,9.1,4.77,13.7
600,C,3.8423526416295353,3.12,7.32,1.42,2.4,3.6,9.8,3.56,15.1
601,A,3.5660286591606956,3.05,6.77,1.25,2.8,2.9,10.1,3.19,13.4
602,B,3.5047421351211963,2.71,7.21,1.28,2.0,2.5,11.0,3.35,12.3
603,C,3.402692917225405,2.4,7.39,1.4,1.7999999999999998,2.2,8.899999999999999,3.44,18.3
604,A,3.6703130755064457,2.97,7.65,,1.7,3,9.600000000000001,3.9,12.2
605,B,3.8203530018036584,2.97,7.65,,1.7,3,9.600000000000001,3.9,12.2
606,C,3.752587264413962,2.95,6.53,1.23,2.2,3.2,9.5,3.61,15.2
607,A,4.632977818641535,2.95,7.89,1.27,2.6,3.8,10.0,4.12,15.5
608,B,3.5086341244961927,2.49,8.35,1.27,2.7,3.5,10.0,3.54,15.299999999999999
609,C,4.3572148541114055,1.89,8.5,1.28,2.5,3.2,9.5,4.32,16.9
610,A,4.569407531165661,3.62,8.64,1.31,2.8,3.2,8.9,4.74,18.0
611,B,3.7806815728604475,2.17,9.09,1.35,1.5,2.4,8.3,4.45,14.0
612,C,3.2450366560892876,1.86,8.78,1.34,2.5,2.9,9.0,2.96,15.399999999999999
613,A,3.4663817043288865,2.44,7.04,1.35,2.3,2.8,9.6,3.53,18.7
614,B,3.4661579414374453,1.89,8.51,1.41,2.5,3,9.7,4.29,16.2
615,C,3.7353768784759196,2.67,8.79,1.33,2.7,3.3,10.8,3.61,15.7
616,A,3.7809781158259943,2.35,9.06,1.37,2.5,3.5,9.5,3.52,9.5
617,B,3.5327976190476194,2.04,8.22,1.33,2.8,3.3,9.8,3,13.5
618,C,3.609960648148148,2.8,8.73,1.29,2.3,3.1,11.2,3.24,14.4
619,A,3.0738508968609866,2.41,8.64,1.27,2.2,2.6,8.7,3.46,12.1
620,B,4.496754583921015,4.04,7.33,1.22,2.3,2.9,9.4,4.38,9.6
621,C,3.740587109125718,3.16,8.53,1.39,2.7,2.5,10.8,3.53,7.4
622,A,4.121517403206883,3.02,8.12,1.4,3.5,2.7,9.7,4.08,7.9
623,B,3.2186079881656804,1.67,8.02,1.47,4.199999999999999,3.3,10.399999999999999,3.93,8.2
624,C,3.3926128483579743,2.22,8.29,1.34,1.9,2.8,10.9,3.67,7.6
625,A,3.4169876576698766,2.4,8.1,1.37,2.4,2.8,10.1,3.53,11.8
626,B,4.328437548973515,3.52,8.24,1.35,2.8,3,9.0,3.87,8.2
627,C,3.588044141817328,2.08,8.24,1.45,2.5,2.9,10.3,3.68,13.2
628,A,4.266972013651878,2.47,8.66,1.33,1.7000000000000002,2.6,8.4,3.7,9.8
629,B,4.7575704912218475,3.78,7.8,1.34,2.2,2.8,9.5,4.03,8.100000000000001
630,C,4.410311434416912,3.68,10.84,1.3,2.1,2.1,9.399999999999999,4.5,10.600000000000001
631,A,3.887792642140468,2.75,9.79,1.37,1.7000000000000002,2,10.399999999999999,3.79,9.2
632,B,4.089228642885349,2.98,8.87,1.4,2.1,2.6,8.4,3.49,11.1
633,C,4.380286109829257,3.06,9.27,1.28,2.5999999999999996,3.4,9.4,4.64,12.6
634,A,4.184083482256829,2.44,10.17,1.3,2.0,2.3,8.2,3.59,7.3
635,B,4.183850292957073,2.39,10.4,1.39,2.6,2.7,9.2,3.67,5.3
636,C,3.952889161053277,2.43,8.81,1.32,3.0,2.9,10.1,3.74,9.0
637,A,4.3168569628229365,2.45,10.15,1.42,2.0999999999999996,2.5,7.9,4.28,8.7
638,B,4.142150442477876,2.9,8.72,1.38,2.6,3,9.5,3.77,9.8
639,C,4.209606628047959,1.77,11.21,1.34,1.6,2.3,10.5,4.32,9.4
640,A,4.34587382445141,1.96,10.0,1.44,2.0,2.9,8.6,4.25,7.6
641,B,4.304034180346301,2.87,7.88,1.37,2.2,3,9.8,4.46,10.3
642,C,4.626369982547993,2.39,9.09,1.39,1.3,2.5,8.3,3.85,8.7
643,A,4.572184484754922,2.39,8.21,1.4,2.3,2.2,9.8,4.91,14.4
644,B,4.729644962486602,2.96,8.7,1.43,2.1,2.1,9.6,5.11,8.9
645,C,3.9531850030731412,1.73,9.46,1.36,2.1,2.6,8.3,4.42,11.1
646,A,5.239493896993152,3.53,9.94,1.42,3.5,3.9,9.4,5.07,11.200000000000001
647,B,4.348693303000143,3.06,10.99,1.41,2.5,3.3,10.6,3.77,15.299999999999999
648,C,3.6951106017191977,2.1,10.61,1.41,2.8,2.6,9.3,3.99,10.5
649,A,4.536158801288335,2.61,11.03,1.33,2.5,3.9,10.8,4.21,14.100000000000001
650,B,3.7681041927845107,2.12,9.57,1.39,2.1,2.9,8.7,3.2,21.0
651,C,5.113363000635728,3.41,10.33,1.4,2.2,3.1,10.1,4.09,15.3
652,A,4.25093441150045,2.98,10.35,1.42,2.8,3.3,10.0,4.2,17.3
653,B,4.698534714747039,2.26,10.04,1.425,2.5,3,9.8,4.31,17.3
654,C,3.4368407694362815,2.07,9.88,1.35,1.5,2.3,8.7,3.89,13.9
655,A,4.035696601658297,2.69,8.36,1.39,2.8,3.3,10.399999999999999,4.27,31.4
656,B,4.1288444270935,1.82,9.37,NIL,2.0,2.5,10.399999999999999,3.85,20.599999999999998
657,C,3.231568019414858,2.0,7.29,1.44,1.5,2.1,9.7,3.25,17.7
658,A,3.8769406270847226,2.84,9.01,,2.1,2.9,8.9,3.44,11.8
659,B,3.553858928265708,2.18,9.01,,2.1,2.9,8.9,4.19,13.8
660,C,3.1842917466410747,1.67,9.76,1.35,2.8,2.9,9.6,4.39,14.1
661,A,4.779135066041755,4.55,9.48,1.37,2.7,3.6,10.5,4.46,8.9
662,B,4.892905896020912,3.39,8.74,1.32,2.5,3,9.7,5.1,7.9
663,C,4.482054538662683,2.51,9.06,1.32,3.1,3.6,11.0,4.7,9.1
664,A,3.9236601307189543,2.45,7.05,1.36,1.7999999999999998,3.1,10.4,4.26,10.7
665,B,3.7930813776287717,2.43,8.09,,2.3,2.7,9.7,4.26,12.1
666,C,4.2600248788791415,3.08,8.56,1.31,2.5,2.9,10.1,4.39,12.2
667,A,3.991467923604309,2.84,7.79,1.44,2.3,3.8,9.7,4,11.9
668,B,4.104916002277904,3.47,8.13,1.39,1.7000000000000002,2.5,9.899999999999999,3.73,10.4
669,C,5.05758224543081,4.39,7.53,1.4,2.0,3.2,9.0,5.24,7.4
670,A,4.639399850894632,3.58,8.46,1.44,2.6,3.5,11.0,4.53,11.1
671,B,4.011877488514548,3.14,8.06,1.41,2.0,2.8,10.0,3.34,10.5
672,C,4.538957605404147,3.21,9.4,1.5,2.3,3.2,9.6,4.07,8.1
673,A,5.563022273984568,4.23,9.41,1.45,2.5999999999999996,2.9,10.5,5.8,11.899999999999999
674,B,4.526542476312832,3.23,8.8,1.26,2.6,3.1,10.7,4.36,12.9
675,C,4.189244613124388,2.67,8.88,1.48,3.1,3.3,9.8,3.86,8.9
676,A,3.9168566493955086,2.97,8.12,1.4,2.5,3.1,9.399999999999999,3.88,9.1
677,B,3.737790363482671,2.6,8.51,1.37,1.4,2.5,8.600000000000001,3.6,10.3
678,C,4.179971886886059,2.93,8.85,1.36,1.9,2.9,9.8,3.76,11.399999999999999
679,A,4.742225851609892,3.48,8.75,1.47,1.6,2.7,9.3,5.09,8.899999999999999
680,B,4.191743739437701,2.42,7.59,1.35,2.2,2.9,9.4,3.48,17.1
681,C,5.069732728189611,3.23,10.45,1.4,2.0,1.9,9.3,5.29,12.200000000000001
682,A,4.431863354037267,4.15,9.11,1.31,1.9,2.5,9.5,4.07,11.6
683,B,,,,,0.0,,0.0,,
684,C,,,,,0.0,,0.0,,
685,A,3.1910462776659956,1.78,8.14,1.2,2.1,3.8,10.7,2.91,8.6
686,B,4.764993232064971,2.28,8.93,1.31,2.4,3.9,9.5,5.17,8.0
687,C,4.243943447856492,2.94,8.47,1.49,2.0,3.1,10.1,4.26,15.5
688,A,3.70080412371134,3.08,8.19,1.32,2.1,3,9.0,3.79,9.7
689,B,2.660520446096654,2.51,7.92,1.49,2.7,3.6,10.5,3.16,7.8
690,C,3.4220705817480006,2.92,6.96,,2.0,3.1,9.8,3.15,6.0
691,A,4.3172603992076795,2.45,7.32,1.35,1.9,2.3,8.5,3.39,10.8
692,B,3.9569770002446787,2.55,7.15,1.46,2.3,2.6,9.8,3.48,9.1
693,C,3.61149332435768,2.13,6.6,1.39,1.5,3,9.899999999999999,3.62,10.8
694,A,4.054710877981766,2.56,6.56,1.36,2.0,3,10.899999999999999,4.73,9.7
695,B,4.110133743274404,2.43,7.06,1.35,2.2,3.3,9.4,5.06,6.5
696,C,4.028891762098264,2.27,8.3,1.34,2.0,2.9,10.2,4.69,10.9
697,A,4.534525059665872,3.44,9.61,1.34,1.7000000000000002,2.3,8.899999999999999,5.29,12.6
698,B,3.0283985623003193,2.33,6.56,1.55,2.0,3.1,9.7,2.42,1.3
699,C,4.014551886792453,3.93,6.86,1.41,2.1,2.9,8.600000000000001,3.09,13.6
700,A,4.063883649585274,3.55,6.63,1.45,2.5,4.1,11.100000000000001,3.77,4.6
701,B,4.354107625743645,2.05,11.28,1.45,3.6999999999999997,3.5,11.0,3.12,9.5
702,C,4.544685221015032,3.09,12.0,1.41,2.1,2.9,9.2,3.04,10.5
703,A,3.6489927917397234,1.62,10.08,1.41,2.3,3,10.4,3.53,8.7
704,B,4.503709234466186,2.96,9.8,1.46,1.9,2.9,9.6,3.83,5.3
705,C,4.190464144813182,2.22,10.16,1.42,1.8,2.3,8.5,3.79,9.1
706,A,3.852440060698027,2.62,7.93,1.48,2.4,3.9,10.5,3.59,11.5
707,B,3.34302188213183,1.46,8.31,1.41,2.6,3.7,11.399999999999999,2.96,8.9
708,C,4.143295729250604,2.08,9.14,1.39,1.8,2.8,9.399999999999999,3.85,10.3
709,A,4.345630894308944,2.61,9.26,1.4,2.8,2.9,10.5,3.82,14.5
710,B,4.107518039313263,2.22,9.13,1.38,2.2,2.7,9.4,3.39,10.700000000000001
711,C,3.9520071856287426,2.27,9.33,1.39,2.0,2.5,11.0,2.93,13.0
712,A,3.667882105728822,1.69,9.21,1.46,2.3,3.2,10.3,3,9.5
713,B,,2.32,9.28,0,1.5,3,9.899999999999999,2.87,9.4
714,C,3.591109907958852,2.32,9.28,0,1.5,3,9.899999999999999,2.87,9.4
715,A,3.6447371125192674,2.42,9.56,1.41,2.5,3.3,9.899999999999999,3.86,15.6
716,B,4.438722472039664,3.1,10.33,1.42,2.5999999999999996,2.5,10.2,4.55,12.4
717,C,3.694721335885981,2.51,10.1,1.36,2.5,3.3,10.3,2.9,12.1
718,A,4.2578150644783115,2.69,8.5,1.44,2.7,3.2,11.0,3.58,10.2
719,B,5.583248587570622,4.6,9.85,1.36,3.3,3,9.5,5.21,11.8
720,C,4.292447825501549,2.95,10.34,1.41,2.5,3.3,10.8,4.59,11.4
721,A,3.3265291659095038,2.25,9.93,1.4,2.1,2.3,9.899999999999999,4.18,12.9
722,B,4.788643374252439,3.29,10.23,,1.7000000000000002,3,10.399999999999999,4.93,8.9
723,C,4.576334345701834,2.48,10.02,1.42,2.5,2.8,10.100000000000001,4.6,6.6
724,A,3.506841743434621,2.18,7.31,1.38,2.8,2.8,10.0,4.31,11.4
725,B,4.517416786112439,2.93,9.78,1.42,3.1999999999999997,3.2,9.6,4.49,11.1
726,C,3.7183011836913633,2.04,9.68,1.39,2.5,2.9,11.0,3.65,10.9
727,A,3.8660753128289085,2.05,9.01,1.38,1.9000000000000001,2.3,10.899999999999999,3.99,13.6
728,B,3.5568303571428572,2.22,6.95,1.37,1.9,2.6,8.8,3.38,20.2
729,C,4.561805621162023,3.41,8.14,1.55,2.7,2.8,9.6,4.09,18.2
730,A,2.9329618654985827,2.28,4.55,1.51,2.7,2.8,10.5,3.04,13.0
731,B,4.044679339878839,3.24,6.91,1.47,2.1,2.5,9.8,4.33,6.5
732,C,3.449536057692308,2.02,8.74,1.45,2.8,2.9,11.0,3.04,10.3
733,A,3.176140015910899,1.75,8.61,1.4,2.9000000000000004,3.8,11.6,2.7,9.2
734,B,4.222055303342963,3.92,6.89,1.51,2.2,3,10.5,3.86,7.9
735,C,3.931819508635369,2.86,8.13,1.48,2.5,3.6,10.5,3.53,9.0
736,A,4.750645315487572,2.43,8.87,1.34,0.9,2.8,11.2,5.28,8.6
737,B,3.532109826589595,2.3,7.55,1.46,2.1,3.1,8.6,3.69,9.6
738,C,4.331183095180431,2.92,7.8,1.48,2.5,3.2,9.7,5.15,9.6
739,A,3.2005614591593967,1.41,7.52,1.42,2.1,2.6,9.3,4.22,8.6
740,B,2.876537475064121,1.54,6.94,1.33,1.6,2.5,10.7,3.35,9.4
741,C,3.008319185059422,2.07,7.82,1.35,2.6,2.7,10.5,3.25,6.9
742,A,3.3308810317345316,2.27,7.89,1.43,2.1,2.9,9.9,3.4,12.799999999999999
743,B,2.973837667454689,1.62,7.99,1.45,2.3,2.5,12.0,3.31,14.7
744,C,2.8137392389270124,1.1,8.74,1.38,2.5,2.9,9.8,3.49,7.9
745,A,3.7819815092453775,2.25,8.97,1.4,1.9,2.1,9.3,3.48,15.6
746,B,4.601687059162229,2.4,9.36,1.31,2.7,2.4,9.1,3.94,21.2
747,C,4.166485200845666,2.71,8.53,1.36,2.3,2.2,10.2,4.05,18.8
748,A,4.548999632668054,2.48,10.8,1.36,2.1,2.9,10.1,4.55,15.0
749,B,3.8902125800815375,1.58,8.74,1.37,2.1,2.4,10.7,4.26,12.0
750,C,4.0604046450377105,2.21,8.8,1.34,2.7,3,11.6,4.67,14.0
751,A,4.586526867627785,2.56,8.74,1.34,2.1,2.3,9.8,4.45,10.0
752,B,4.065848462115529,2.79,7.83,1.28,2.4000000000000004,2.9,9.1,4.7,5.1000000000000005
753,C,3.7697776280323447,2.81,8.44,1.31,2.4,2.1,8.5,4.18,22.2
754,A,4.516919495635305,1.98,8.35,1.36,2.5999999999999996,3.1,10.600000000000001,3.75,34.6
755,B,4.254810690423162,1.6,8.59,1.43,2.1,3,9.4,2.5,10.799999999999999
756,C,1.328850021862702,,,,,,,,
757,A,2.343218906330861,1.28,8.44,1.33,1.6,2.4,9.3,3.2,11.6
758,B,4.45063629460896,2.87,8.83,1.45,2.0,2.1,9.6,5.56,15.2
759,C,3.1342165082914106,2.15,8.56,1.34,2.7,2.9,9.0,3.64,15.1
760,A,3.7700175151798225,2.71,8.74,1.37,1.9,2.8,8.0,4.7,14.9
761,B,4.454679548237856,3.08,8.92,1.42,2.1,2.9,9.3,5.63,17.3
762,C,3.1359943865276665,1.84,8.79,1.42,2.7,2.9,9.7,3.41,12.3
763,A,3.2641595059076263,2.32,5.81,1.49,2.5,3,9.100000000000001,3.86,15.4
764,B,2.4975982946470867,1.79,8.47,1.45,2.3,2.8,10.0,3.21,15.4
765,C,3.6572149624305776,1.47,7.6,1.4,2.1,2.8,9.3,4.62,14.3
766,A,3.745619554695063,2.48,8.96,1.42,2.7,2.2,8.8,4.18,10.3
767,B,3.5173829472646627,3.29,8.13,1.41,1.6,3.2,9.7,3.39,12.4
768,C,2.328679138321995,2.0988095238095235,8.373913043478261,,1.6,2.1,8.8,3.221428571428571,10.9
769,A,,,,,0.0,,0.0,,
770,B,,,,,0.0,,0.0,,
771,C,,,,,0.0,,0.0,,
772,A,,,,,0.0,,0.0,,
773,B,,,,,0.0,,0.0,,
774,C,,,,,0.0,,0.0,,
775,A,,,,,0.0,,0.0,,
776,B,,,,,0.0,,0.0,,
777,C,,,,,0.0,,0.0,,
778,A,,,,,0.0,,0.0,,
779,B,,,,,0.0,,0.0,,
780,C,,,,,0.0,,0.0,,
781,A,,,,,0.0,,0.0,,
782,B,,,,,0.0,,0.0,,
783,C,,,,,0.0,,0.0,,
784,A,,,,,0.0,,0.0,,
785,B,,,,,0.0,,0.0,,
786,C,4.325825538046336,2.77,8.373913043478261,,1.6,2.1,8.8,4.46,12.8
787,A,2.3820167120961613,1.06,8.373913043478261,,1.6,2.1,8.8,3.12,6.2
788,B,4.044636157022015,3.01,8.373913043478261,,1.6,2.1,8.8,3.82,5.1
789,C,4.8394509767243,3.64,8.373913043478261,,1.6,2.1,8.8,4.57,9.4
790,A,3.658133016627078,1.37,8.52,1.36,2.8,2.9,10.399999999999999,3.39,9.3
791,B,4.435422131147541,3.63,8.52,1.36,2.8,2.9,10.399999999999999,4.45,8.2
792,C,4.035837406127071,2.36,8.52,1.36,2.8,2.9,10.399999999999999,3.9,9.6
793,A,3.7277205531711974,2.57,6.57,1.36,2.0,2.4,11.899999999999999,3.96,5.1
794,B,4.005314430540156,2.85,8.07,1.41,2.3,3.1,10.6,4.09,4.4
795,C,5.251939466783217,5.41,8.47,1.35,2.2,3.2,11.1,3.57,5.9
796,A,4.208054075133238,1.92,8.21,1.37,2.0,2.9,10.399999999999999,3.19,4.6
797,B,4.730862262038074,4.07,7.97,1.39,2.2,2.4,11.899999999999999,3.86,4.3999999999999995
798,C,3.2421020008699433,1.5,8.01,1.4,2.4,3.1,10.2,2.93,5.4
799,A,3.418008485471844,1.91,7.86,1.52,2.7,3,10.6,3.13,6.5
800,B,3.2553377573591966,1.88,7.64,1.36,2.2,2.8,9.2,3.4,4.0
801,C,4.0798516483516485,3.01,8.0,1.31,2.8,3.3,10.7,4.42,5.5
802,A,3.845956384015594,2.8,8.17,1.37,2.2,3.1,10.7,3.73,9.0
803,B,3.847235462345091,2.95,7.79,1.35,1.8,2.7,8.7,3.73,7.6
804,C,4.159526205965386,3.12,8.12,1.38,2.8,2.9,7.8999999999999995,3.65,7.6
805,A,4.052682387619749,2.67,9.51,1.39,2.3,3.3,10.6,3.36,8.0
806,B,3.6613607188703465,1.78,10.54,1.42,2.4,3.6,9.8,3.88,4.9
807,C,4.47594288411612,3.59,8.51,1.37,2.3,2.5,10.6,4.38,8.9
808,A,3.263239312472455,2.1,9.59,1.38,1.6,3,10.0,3.76,6.9
809,B,3.1235073550620136,2.11,7.47,1.44,1.9,3.3,10.7,3.25,5.7
810,C,3.93311357543261,3.17,8.02,1.41,2.8,2.3,9.1,3.61,10.5
811,A,4.17265519219736,2.9,8.61,1.32,2.3,3.3,10.6,3.56,8.0
812,B,4.080364157706093,2.42,10.55,1.4,2.7,3.6,10.5,4.95,6.9
813,C,3.4437038871007677,2.44,10.71,1.36,1.9,3,9.7,2.56,8.9
814,A,5.279949494949495,3.04,10.17,1.3,1.7000000000000002,2.9,10.7,3.97,22.1
815,B,5.345680840898232,4.49,9.46,1.44,2.1,2.5,11.0,4.62,4.3
816,C,4.024685438265787,3.37,9.87,1.5,1.9,2.6,9.5,4.25,7.6
817,A,4.891818071705426,3.76,9.66,1.29,2.0,2.3,9.9,5.55,10.600000000000001
818,B,3.902981036357048,2.45,9.98,1.42,2.1,2.5,9.2,4.61,15.2
819,C,4.37619435258204,3.15,10.17,1.36,1.5,3.4,11.1,5.33,7.0
820,A,4.594637146371463,3.59,10.05,1.31,1.4,2.8,9.2,4.5,5.6
821,B,3.4625851938895416,2.48,10.1,1.41,1.5,3,9.4,3.39,4.3
822,C,3.6207538691962062,2.31,10.65,1.4,2.3,3.5,10.8,5.03,4.8999999999999995
823,A,4.224553824362606,3.32,10.34,1.39,2.0,2.8,10.399999999999999,4.44,5.4
824,B,4.335266542562193,3.6,8.41,1.26,2.0999999999999996,3,10.4,4.96,4.1
825,C,3.458209137884145,2.01,7.95,1.4,2.1,2.8,9.2,3.92,8.9
826,A,3.276694392657393,2.61,9.05,1.31,1.9,2.9,9.8,3.85,8.2
827,B,4.343936202226903,3.05,9.5,1.41,2.5,3.2,11.899999999999999,4.17,5.8
828,C,3.7309921524663676,2.69,9.54,,1.9,2.6,9.7,3.81,8.5
829,A,5.378826479438315,4.45,9.08,1.4,2.4000000000000004,2.6,9.3,5.46,6.5
830,B,4.025026137463699,2.2,10.45,1.46,2.8,3.4,11.5,4.29,5.0
831,C,5.437250441956394,4.68,10.71,1.34,1.3,2.8,10.8,5.05,6.0
832,A,4.708564537348341,3.78,7.72,1.22,2.7,.4.2,12.1,4.57,7.1
833,B,3.827371987951807,2.69,8.67,1.25,2.1,2.3,9.8,4.07,7.9
834,C,4.386057284299858,3.93,9.98,1.35,2.2,2.4,9.2,3.6,6.3
835,A,5.290590918104303,3.28,10.01,1.38,2.2,2.6,10.1,5.8,7.1
836,B,3.8790911351485766,1.99,9.43,1.45,2.6,3.1,10.7,3.72,5.9
837,C,3.9642519257893025,2.43,9.36,1.45,1.7,2.2,9.3,3.64,7.8
838,A,3.2004169148302566,1.75,8.27,1.33,2.6,2.9,8.7,3.42,6.800000000000001
839,B,3.5526810740013097,2.89,8.94,1.47,1.5,2.2,9.7,3.08,7.699999999999999
840,C,4.494342501074344,3.79,7.96,1.43,2.1,2.8,10.4,4.47,6.8999999999999995
841,A,4.161944961446424,3.48,6.88,1.37,2.4000000000000004,2.3,9.7,4.41,6.8
842,B,3.567535944471988,2.42,7.01,1.51,1.6,2.3,8.6,3.86,5.7
843,C,3.777341209498187,2.49,8.36,1.38,1.6,2.6,10.7,3.93,7.5
844,A,3.6687877702137826,2.82,9.04,1.38,2.1,2.9,9.8,2.98,14.0
845,B,3.498850130808521,2.18,7.55,1.46,1.6,3.1,11.1,3.46,7.9
846,C,2.4732983960616166,1.5,7.45,1.38,2.4,3.2,9.0,2.95,16.4
847,A,2.835017227235438,1.54,7.35,1.42,1.5,2.8,11.0,2.8,27.1
848,B,2.7595906294368198,1.52,7.87,1.4,1.8,2.6,9.4,3.63,17.299999999999997
849,C,4.8426796073181615,2.64,8.31,1.39,2.1,3.3,9.2,6.02,17.8
850,A,4.368910233176272,2.66,7.78,1.5,2.1,2.4,9.6,5.15,5.6
851,B,4.514273409280356,2.97,8.54,1.44,1.8,2.3,8.4,4.53,12.4
852,C,4.106638011152417,2.17,8.12,1.37,2.8,2.6,8.5,4.24,13.8
853,A,4.321073552879733,3.01,8.7,1.32,2.7,2.9,10.600000000000001,4.36,10.1
854,B,3.710240634399781,2.09,7.57,1.45,2.0,2.8,9.3,4.26,11.7
855,C,3.400619852622454,1.81,7.47,1.43,2.7,3.2,9.3,4.2,13.2
856,A,3.2622252850519984,2.04,8.23,1.31,2.9,2.9,9.899999999999999,3.38,10.7
857,B,3.1170823500186313,1.81,7.61,1.3,2.0,3.1,8.8,3.1,6.8
858,C,2.743383458646617,1.88,8.43,1.25,2.7,2.9,10.0,3.03,7.6
859,A,3.5237976487353047,2.18,7.89,1.32,1.7000000000000002,3.7,11.899999999999999,3.39,8.7
860,B,3.8556843366277325,2.58,8.35,1.36,2.2,2.8,9.1,4.27,8.0
861,C,4.562035339591386,3.06,10.15,1.28,2.7,2.9,8.399999999999999,3.74,11.4
862,A,3.7669446485427382,2.59,8.6,1.29,2.1,2.7,9.7,3.48,10.6
863,B,4.216592592592592,2.81,8.75,1.43,1.7000000000000002,2.7,10.9,4.22,10.899999999999999
864,C,5.099521845742309,2.74,10.57,1.36,2.2,2.1,7.8,5.06,10.799999999999999
865,A,7.045006927824663,5.42,11.65,1.32,1.6,2.9,9.2,5.17,20.299999999999997
866,B,5.504747356051704,4.18,11.3,1.36,2.7,3.4,12.1,5.72,14.8
867,C,4.05465892053973,2.8,10.48,1.43,1.9,2.7,10.0,3.67,13.5
868,A,5.356437079233558,2.83,11.01,1.36,1.9,2.1,9.7,4.93,8.6
869,B,4.257386806596701,3.17,9.81,1.43,2.2,2.4,10.100000000000001,4.76,8.899999999999999
870,C,4.632085930543188,2.29,10.84,1.56,2.0999999999999996,2.2,10.9,5.24,4.1
871,A,5.657236066452304,3.92,10.92,1.36,1.7000000000000002,2,10.3,5.91,7.300000000000001
872,B,5.915157165689931,3.34,10.54,1.24,2.2,2.2,10.2,7.28,3.7
873,C,5.251522771723946,3.32,10.59,1.29,2.6,2.6,10.4,5.76,8.0
874,A,5.424950224791265,3.62,9.12,1.27,1.6,2.3,8.3,5.79,12.3
875,B,4.5490724974200205,3.14,11.13,1.24,1.9,2.6,8.7,4.5,11.799999999999999
876,C,4.2190284933235205,2.54,9.61,1.4,1.9,2.8,10.0,4.59,9.0
877,A,4.977089163871863,3.53,9.69,1.48,1.6,2.6,9.3,4.99,8.799999999999999
878,B,3.9149241982507283,2.11,10.29,1.49,2.0,2.7,8.100000000000001,4.26,7.8
879,C,4.453410404624277,4.18,9.92,1.57,2.1,2.7,10.2,4,10.8
880,A,4.724092749355908,4.32,9.72,1.34,1.6,2.3,8.899999999999999,4.07,7.9
881,B,4.379335463258785,3.07,9.91,1.44,1.7999999999999998,2.9,9.8,4.8,9.0
882,C,5.813880064456722,4.9,8.87,1.44,1.8,2.6,9.7,6.25,6.2
883,A,5.960367295243457,5.28,10.49,1.37,2.3,3,11.5,6.52,10.4
884,B,4.638941908713693,2.93,9.7,1.32,2.1,3.4,9.3,4.69,13.3
885,C,4.962967021712413,3.08,10.31,1.29,1.9,2.8,8.6,5.48,18.9
886,A,5.167770658123081,4.68,10.47,1.32,1.7999999999999998,2.3,8.0,4.59,11.3
887,B,4.281187718073971,3.14,10.37,1.3,2.4000000000000004,2.9,10.3,4.4,16.9
888,C,4.697473453749316,2.88,10.1,1.28,1.9,3,9.5,5.37,16.6
889,A,5.508446445370246,2.67,8.93,1.24,2.2,2.9,9.1,6.13,12.5
890,B,7.974701593760597,7.31,9.76,1.45,1.7,2.4,9.7,7.84,9.6
891,C,6.763700582476144,5.4,9.7,1.39,1.9,2.7,8.7,6.15,13.8
892,A,7.678823982539479,5.98,10.31,1.36,2.1,3.2,9.6,7.45,5.8
893,B,5.077564718648271,3.75,10.02,1.28,1.6,3,9.3,5.08,7.0
894,C,4.92587359743531,3.59,8.93,1.41,1.5,2.8,10.0,4.84,18.400000000000002
895,A,5.2236667713567835,4.1,9.71,1.35,1.8,3.1,10.0,5.45,8.9
896,B,4.651967094818876,3.56,9.94,1.38,2.5,3.2,14.0,5.71,8.4
897,C,6.381579248521839,4.73,9.74,1.4,1.1,3.3,9.3,8.1,8.2
898,A,5.543123834390152,4.38,9.83,1.34,2.2,3.7,13.600000000000001,5.71,7.6
899,B,5.712654142581888,4.24,9.22,1.3,2.6,3.3,10.4,6.24,10.9
900,C,5.2449384061920865,3.17,8.04,1.332,1.9,2.8,9.899999999999999,6.2,10.1
901,A,3.754109133581068,2.91,6.99,1.32,2.0,2.7,9.8,3.31,11.2
902,B,5.507993177942012,3.12,9.97,1.27,2.3,3.4,9.600000000000001,5.77,16.0
903,C,4.8173044524669075,4.27,9.02,1.33,2.4,2.6,10.7,3.69,10.7
904,A,4.591375268048607,3.19,9.59,1.38,1.7,2.4,9.2,3.97,6.2
905,B,3.6283466084275435,2.39,9.91,1.32,2.0,2.9,9.2,3.33,6.2
906,C,4.67204066634003,2.68,9.4,1.38,1.6,2.6,9.0,4.87,8.4
907,A,4.261312405446294,2.81,9.57,1.23,2.5,3.4,10.7,3.59,17.6
908,B,3.8915409266924823,2.15,9.57,1.27,2.0,3,9.6,4.11,11.1
909,C,5.113101148573546,3.04,9.16,1.26,1.5,2.3,8.7,5.46,13.8
910,A,4.266341271918346,2.53,9.23,1.26,1.7,2,9.7,4.44,9.1
911,B,4.941989339752407,3.68,9.99,1.4,1.6,2.6,9.399999999999999,4.93,9.1
912,C,5.045756531204645,3.58,9.51,1.38,2.0,2.9,10.4,5.59,7.7
913,A,3.9562231595092023,2.5,10.02,1.28,1.2,2.6,9.1,4.13,12.9
914,B,4.744288005131494,3.26,9.57,1.38,2.1,2.8,9.8,4.74,10.6
915,C,4.21304839138527,2.85,9.2,1.4,2.5,3.1,10.7,4.1,12.4
916,A,4.532319044272664,3.03,10.31,1.29,2.5,3.1,10.8,4.5,10.7
917,B,5.164274973147154,2.56,9.78,1.4,1.5,2.9,9.100000000000001,5.96,12.3
918,C,,3.14,9.83,,1.8,3.3,9.8,4.9,10.9
919,A,,,,,,,,,
920,B,,,,,,,,,
921,C,,,,,,,,,
922,A,6.427715930902112,5.24,10.0,0,1.8,2.2,4.9,6.04,24.400000000000002
923,B,5.942114416475973,3.11,10.62,1.38,2.0,3.3,5.4,5.73,12.9
924,C,4.484495830174375,2.87,11.1,1.39,2.3,3,5.5,4.86,8.4
925,A,5.672721697331344,3.67,10.68,1.46,4.0,6.1,11.2,5.58,15.7
926,B,4.188819712652557,3.02,9.88,1.41,2.5,2.8,6.7,3.63,16.8
927,C,4.1170054274084125,2.26,7.93,1.47,2.1,2.3,4.3,4.67,17.9
928,A,3.7125177498634625,1.67,9.29,1.37,2.0,2.8,5.5,4.38,17.400000000000002
929,B,4.385944413969647,3.24,8.9,1.33,2.1,3.1,6.1,4.89,19.5
930,C,4.772646437198067,3.17,8.84,0,2.5999999999999996,3.3,5.3,5.25,14.9
931,A,5.101514592225171,3.47,9.13,1.45,2.2,2.9,6.2,5.92,13.6
932,B,5.467830946559553,4.71,9.8,1.43,2.7,3.2,5.2,5.62,15.299999999999999
933,C,5.342010543973161,4.33,10.95,1.48,1.6,2.4,5.8,4.73,12.3
934,A,6.044822588705647,3.9,10.04,1.39,2.1,2.8,5.1,6.75,8.8
935,B,5.830273293684509,5.12,8.3,1.48,1.7,2,5.6,5.55,10.7
936,C,4.510168292682926,2.78,9.18,1.59,2.1,3.1,6.2,5.52,10.799999999999999
937,A,4.341481823783118,3.18,9.6,1.47,1.5,2.8,5.6,4.78,13.5
938,B,4.600727818420559,3.56,9.66,1.43,1.7999999999999998,2.9,5.9,4.65,11.9
939,C,4.890030560722827,4.18,9.0,1.49,2.8,2.8,5.2,5.12,11.200000000000001
940,A,4.741125239505313,3.2,9.58,1.48,2.3,3.3,5.9,5.06,9.5
941,B,4.234132061354284,3.31,9.37,1.42,2.2,2.9,6.0,4.12,8.4
942,C,5.592701749002761,4.6,9.3,1.5,2.0,2.5,5.2,5.84,10.7
943,A,5.316326092146097,3.73,10.76,1.39,2.0,3.7,7.1,5.65,13.5
944,B,4.768589974756581,3.73,9.14,1.3,1.9,2.3,5.2,4.03,14.6
945,C,4.757885077186964,2.75,9.0,1.39,2.5,3.2,5.2,5.72,15.0
946,A,5.227436969124983,4.48,7.37,1.35,1.6,2.1,5.3,4.98,6.9
947,B,5.194155315484578,4.18,9.01,1.41,2.1,3.2,6.3,5.01,7.4
948,C,4.991235833132385,4.0,8.9,1.58,2.4,3.6,6.9,4.97,9.8
949,A,5.554481583644329,3.9,9.06,1.45,1.9,2.1,5.1,5.74,15.0
950,B,4.4702661253946765,3.58,9.19,1.51,2.1,2.3,4.6,4.88,13.1
951,C,4.8840769557221675,3.36,9.0,1.57,2.6,3.6,5.2,5.39,11.4
952,A,4.927790272320824,3.4,8.95,1.45,1.9,3,4.9,5.24,11.4
953,B,4.768106361717505,3.286482213438735,8.670516431924884,1.59,2.0,2.7,5.7,5.395211267605634,18.5
954,C,4.871785392445261,2.5584000000000002,9.161350078492935,1.4,2.1,2.8,5.4,6.349450549450549,18.3
955,A,5.604519640832545,5.307874015748032,9.195,1.46,2.1,2.2,5.6,4.741700787401576,7.8
956,B,4.778813029897367,2.98,8.98,1.39,2.5,3.3,6.1,6.1,14.3
957,C,4.073270642792735,3.12,9.41,1.4,1.6,2.5,6.3,4.18,8.9
958,A,5.883775577557755,4.09,10.16,1.41,2.7,3.6,5.1,6.34,11.6
959,B,5.0780901198842505,3.78,11.16,1.39,1.8,3.2,5.2,4.86,7.4
960,C,5.129218889883616,3.6,11.09,1.38,1.5,2.3,4.9,5.4,13.9
961,A,5.680708482901945,4.51,10.4,1.43,2.3,3.3,4.9,5.23,10.700000000000001
962,B,4.115038404968132,1.92,9.1,1.41,2.1,2.9,6.2,5.44,15.0
963,C,5.439624224735498,3.71,9.13,1.37,2.0,3.1,6.3,5.97,14.9
964,A,5.709659875399899,3.94,7.01,1.32,2.6,2.9,6.2,6.77,14.0
965,B,4.593454545454545,3.12,7.45,1.34,1.9,3,5.6,5.31,15.7
966,C,6.581741003843018,4.91,9.12,1.37,1.9,2.7,4.8,7.73,16.0
967,A,4.588515827711468,3.54,8.52,1.44,2.4000000000000004,2.9,5.3,4.99,13.7
968,B,4.664929577464788,3.61,8.27,1.33,2.8,3.3,6.7,5.04,15.6
969,C,4.973439989378651,4.27,8.51,1.42,1.8,2.7,5.4,4.91,16.0
970,A,4.613111111111111,4.1,8.97,1.44,2.7,3.1,5.1,4.28,14.299999999999999
971,B,3.9413701824166782,2.79,8.7,1.36,2.1,2.9,6.0,4.21,16.1
972,C,5.3372719461549485,4.67,8.83,1.39,1.4,2.6,4.8,5.17,17.5
973,A,5.380245380187823,4.02,9.54,1.51,1.3,2.2,5.1,6.08,16.5
974,B,5.163625454545454,3.99,8.43,1.38,1.9,2.6,5.8,4.87,10.4
975,C,3.953206239168111,2.56,8.88,1.49,2.8,2.9,4.8,4.26,13.7
976,A,4.227823875802997,2.66,7.56,1.5,2.5,2.9,6.4,4.5,12.2
977,B,3.9108606173994387,3.33,8.94,1.47,1.9,2.4,5.1,3.71,10.3
978,C,5.040086810054419,4.15,7.82,1.43,2.6,2.9,5.8,4.87,18.5
979,A,5.113892744479496,4.39,6.03,1.69,2.0,2.8,4.9,5.5,25.900000000000002
980,B,4.679307598039216,3.43,7.97,1.43,2.1,2.9,6.1,4.87,15.7
981,C,4.850211036152915,3.82,9.6,1.31,2.3,3.1,5.8,4.75,8.700000000000001
982,A,4.758274002157497,3.1,9.74,1.32,2.7,2.9,5.9,4.8,10.5
983,B,5.294015736117416,3.28,9.02,1.32,2.1,2.7,5.4,6.45,12.8
984,C,5.733195921985815,5.04,8.34,1.44,2.5,2.5,5.3,5.56,9.799999999999999
985,A,5.285583256790447,3.23,10.2,1.39,1.3,2.2,5.5,5.53,15.399999999999999
986,B,4.3365903307888045,3.53,8.84,0,2.1,2.7,6.1,4.32,12.6
987,C,4.835422316614932,3.54,9.25,1.37,2.5,2.6,5.6,4.23,14.2
988,A,6.0279597821533315,3.76,9.22,0,2.6,3.5,6.4,5.19,18.5
989,B,,3.76,9.22,0,2.6,3.5,6.4,5.19,18.5
990,C,,3.76,9.22,0,2.6,3.5,6.4,5.19,18.5
991,A,6.018209318996416,3.45,9.01,0,2.7,3.1,5.9,5.2,9.4
992,B,5.586136919315403,2.66,9.39,1.36,1.7000000000000002,2.4,4.8,4.14,10.8
993,C,6.308469565217391,2.06,9.03,1.38,2.3,2.9,5.2,7.03,10.299999999999999
994,A,4.71392725355825,3.02,9.29,1.4,2.1,3.3,6.8,4.59,8.8
995,B,4.193741559953435,2.79,9.91,1.49,2.1,3.9,5.6,3.57,9.700000000000001
996,C,4.798851668045216,3.32,9.13,1.33,1.6,3.6,6.8,4.76,10.1
997,A,4.936693467336684,2.8,9.61,1.35,1.8,2.8,5.7,4.4,11.0
998,B,5.2631917591125195,3.64,7.9,1.42,2.2,2.6,5.2,5.72,15.6
999,C,4.834350601957897,3.352741935483871,9.521797752808988,1.28,1.3,2.5,5.9,4.884558587479935,11.2
1000,A,4.508888561320755,2.73,8.97,1.3,1.9,2.9,5.6,4.03,9.1
1001,B,4.095235238395959,2.7,8.9,1.32,2.4000000000000004,3.3,4.6,4.66,8.6
1002,C,4.658981543850196,3.62,9.28,1.31,1.9,2.7,6.8,4.99,9.6
1003,A,4.701728353140917,3.12,9.59,1.37,2.0,2.6,5.6,4.16,7.0
1004,B,4.917335520918787,3.19,9.88,1.35,2.1,2.4,5.2,5.04,15.5
1005,C,5.348285219399538,3.27,9.45,1.34,2.7,2.9,6.4,6.2,12.5
1006,A,,,,,,,,,
1007,B,,,,,,,,,
1008,C,,,,,,,,,
1009,A,,,,,,,,,
1010,B,,,,,,,,,
1011,C,,,,,,,,,
1012,A,,,,,,,,,
1013,B,,,,,,,,,
1014,C,,,,,,,,,
1015,A,,,,,,,,,
1016,B,,,,,,,,,
1017,C,,,,,,,,,
1018,A,,,,,,,,,
1019,B,,,,,,,,,
1020,C,,,,,,,,,
1021,A,,,,,,,,,
1022,B,,,,,,,,,
1023,C,,,,,,,,,
1024,A,,,,,,,,,
1025,B,,,,,,,,,
1026,C,,,,,,,,,
1027,A,,,,,,,,,
1028,B,,,,,,,,,
1029,C,,,,,,,,,
1030,A,,,,,,,,,
1031,B,,,,,,,,,
1032,C,,,,,,,,,
1033,A,,,,,,,,,
1034,B,,,,,,,,,
1035,C,,,,,,,,,
1036,A,,,,,,,,,
1037,B,,,,,,,,,
1038,C,,,,,,,,,
1039,A,,,,,,,,,
1040,B,,,,,,,,,
1041,C,,,,,,,,,
1042,A,,,,,,,,,
1043,B,,,,,,,,,
1044,C,,,,,,,,,
1045,A,,,,,,,,,
1046,B,,,,,,,,,
1047,C,,,,,,,,,
1048,A,,,,,,,,,
1049,B,,,,,,,,,
1050,C,,,,,,,,,
1051,A,,,,,,,,,
1052,B,,,,,,,,,
1053,C,,,,,,,,,
1054,A,,,,,,,,,
1055,B,,,,,,,,,
1056,C,,,,,,,,,
1057,A,,,,,,,,,
1058,B,,,,,,,,,
1059,C,,,,,,,,,
1060,A,,,,,,,,,
1061,B,,,,,,,,,
1062,C,,,,,,,,,
1063,A,,,,,,,,,
1064,B,,,,,,,,,
1065,C,,,,,,,,,
1066,A,,,,,,,,,
1067,B,,,,,,,,,
1068,C,,,,,,,,,
1069,A,,,,,,,,,
1070,B,,,,,,,,,
1071,C,,,,,,,,,
1072,A,,,,,,,,,
1073,B,,,,,,,,,
1074,C,,,,,,,,,
1075,A,,,,,,,,,
1076,B,,,,,,,,,
1077,C,,,,,,,,,
1078,A,,,,,,,,,
1079,B,,,,,,,,,
1080,C,,,,,,,,,
1081,A,,,,,,,,,
1082,B,,,,,,,,,
1083,C,,,,,,,,,
1084,A,,,,,,,,,
1085,B,,,,,,,,,
1086,C,,,,,,,,,
1087,A,,,,,,,,,
1088,B,,,,,,,,,
1089,C,,,,,,,,,
1090,A,,,,,,,,,
1091,B,,,,,,,,,
1092,C,,,,,,,,,
1093,A,,,,,,,,,
1094,B,,,,,,,,,
1095,C,,,,,,,,,
1096,A,,,,,,,,,
1097,B,,,,,,,,,
1098,C,,,,,,,,,
